frame_number,enemy_sue_x,enemy_inky_x,enemy_pinky_x,enemy_blinky_x,enemy_sue_y,enemy_inky_y,enemy_pinky_y,enemy_blinky_y,player_x,player_y,fruit_x,fruit_y,ghosts_count,player_direction,dots_eaten_count,player_score,num_lives
0,88,88,88,88,80,80,80,50,88,98,0,0,3,3,0,0,2
1,88,88,88,88,80,80,80,50,88,98,0,0,3,3,0,0,2
2,88,88,88,88,80,80,80,50,88,98,0,0,3,3,0,0,2
3,88,88,88,88,80,80,80,50,88,98,0,0,3,3,0,0,2
4,88,88,88,88,80,80,80,50,88,98,0,0,3,3,0,0,2
5,88,88,88,88,80,80,80,50,88,98,0,0,3,3,0,0,2
6,88,88,88,88,80,80,80,50,88,98,0,0,3,3,0,0,2
7,88,88,88,88,80,80,80,50,88,98,0,0,3,3,0,0,2
8,88,88,88,88,80,80,80,50,88,98,0,0,3,3,0,0,2
9,88,88,88,88,80,80,80,50,88,98,0,0,3,3,0,0,2
10,88,88,88,88,80,80,80,50,88,98,0,0,3,3,0,0,2
11,88,88,88,88,80,80,80,50,88,98,0,0,3,3,0,0,2
12,88,88,88,88,80,80,80,50,88,98,0,0,3,3,0,0,2
13,88,88,88,88,80,80,80,50,88,98,0,0,3,3,0,0,2
14,88,88,88,88,80,80,80,50,88,98,0,0,3,3,0,0,2
15,88,88,88,88,80,80,80,50,88,98,0,0,3,3,0,0,2
16,88,88,88,88,80,80,80,50,88,98,0,0,3,3,0,0,2
17,88,88,88,88,80,80,80,50,88,98,0,0,3,3,0,0,2
18,88,88,88,88,80,80,80,50,88,98,0,0,3,3,0,0,2
19,88,88,88,88,80,80,80,50,88,98,0,0,3,3,0,0,2
20,88,88,88,88,80,80,80,50,88,98,0,0,3,3,0,0,2
21,88,88,88,88,80,80,80,50,88,98,0,0,3,3,0,0,2
22,88,88,88,88,80,80,80,50,88,98,0,0,3,3,0,0,2
23,88,88,88,88,80,80,80,50,88,98,0,0,3,3,0,0,2
24,88,88,88,88,80,80,80,50,88,98,0,0,3,3,0,0,2
25,88,88,88,88,80,80,80,50,88,98,0,0,3,3,0,0,2
26,88,88,88,88,80,80,80,50,88,98,0,0,3,3,0,0,2
27,88,88,88,88,80,80,80,50,88,98,0,0,3,3,0,0,2
28,88,88,88,88,80,80,80,50,88,98,0,0,3,3,0,0,2
29,88,88,88,88,80,80,80,50,88,98,0,0,3,3,0,0,2
30,88,88,88,88,80,80,80,50,88,98,0,0,3,3,0,0,2
31,88,88,88,88,80,80,80,50,88,98,0,0,3,3,0,0,2
32,88,88,88,88,80,80,80,50,88,98,0,0,3,3,0,0,2
33,88,88,88,88,80,80,80,50,88,98,0,0,3,3,0,0,2
34,88,88,88,88,80,80,80,50,88,98,0,0,3,3,0,0,2
35,88,88,88,88,80,80,80,50,88,98,0,0,3,3,0,0,2
36,88,88,88,88,80,80,80,50,88,98,0,0,3,3,0,0,2
37,88,88,88,88,80,80,80,50,88,98,0,0,3,3,0,0,2
38,88,88,88,88,80,80,80,50,88,98,0,0,3,3,0,0,2
39,88,88,88,88,80,80,80,50,88,98,0,0,3,3,0,0,2
40,88,88,88,88,80,80,80,50,88,98,0,0,3,3,0,0,2
41,88,88,88,88,80,80,80,50,88,98,0,0,3,3,0,0,2
42,88,88,88,88,80,80,80,50,88,98,0,0,3,3,0,0,2
43,88,88,88,88,80,80,80,50,88,98,0,0,3,3,0,0,2
44,88,88,88,88,80,80,80,50,88,98,0,0,3,3,0,0,2
45,88,88,88,88,80,80,80,50,88,98,0,0,3,3,0,0,2
46,88,88,88,88,80,80,80,50,88,98,0,0,3,3,0,0,2
47,88,88,88,88,80,80,80,50,88,98,0,0,3,3,0,0,2
48,88,88,88,88,80,80,80,50,88,98,0,0,3,3,0,0,2
49,88,88,88,88,80,80,80,50,88,98,0,0,3,3,0,0,2
50,88,88,88,88,80,80,80,50,88,98,0,0,3,3,0,0,2
51,88,88,88,88,80,80,80,50,88,98,0,0,3,3,0,0,2
52,88,88,88,88,80,80,80,50,88,98,0,0,3,3,0,0,2
53,88,88,88,88,80,80,80,50,88,98,0,0,3,3,0,0,2
54,88,88,88,88,80,80,80,50,88,98,0,0,3,3,0,0,2
55,88,88,88,88,80,80,80,50,88,98,0,0,3,3,0,0,2
56,88,88,88,88,80,80,80,50,88,98,0,0,3,3,0,0,2
57,88,88,88,88,80,80,80,50,88,98,0,0,3,3,0,0,2
58,88,88,88,88,80,80,80,50,88,98,0,0,3,3,0,0,2
59,88,88,88,88,80,80,80,50,88,98,0,0,3,3,0,0,2
60,88,88,88,88,80,80,80,50,88,98,0,0,3,3,0,0,2
61,88,88,88,88,80,80,80,50,88,98,0,0,3,3,0,0,2
62,88,88,88,88,80,80,80,50,88,98,0,0,3,3,0,0,2
63,88,88,88,88,80,80,80,50,88,98,0,0,3,3,0,0,2
64,88,88,88,88,80,80,80,50,88,98,0,0,3,3,0,0,2
65,88,88,88,88,80,80,80,50,88,98,0,0,3,3,0,0,2
66,88,88,88,88,80,80,80,50,88,98,0,0,3,3,0,0,2
67,88,88,88,88,80,80,80,50,88,98,0,0,3,3,0,0,2
68,88,88,88,88,80,80,80,50,88,98,0,0,3,3,0,0,2
69,88,88,88,88,80,80,80,50,88,98,0,0,3,3,0,0,2
70,88,88,88,88,80,80,80,50,88,98,0,0,3,3,0,0,2
71,88,88,88,88,80,80,80,50,88,98,0,0,3,3,0,0,2
72,88,88,88,88,80,80,80,50,88,98,0,0,3,3,0,0,2
73,88,88,88,88,80,80,80,50,88,98,0,0,3,3,0,0,2
74,88,88,88,88,80,80,80,50,88,98,0,0,3,3,0,0,2
75,88,88,88,88,80,80,80,50,88,98,0,0,3,3,0,0,2
76,88,88,88,88,80,80,80,50,88,98,0,0,3,3,0,0,2
77,88,88,88,88,80,80,80,50,88,98,0,0,3,3,0,0,2
78,88,88,88,88,80,80,80,50,88,98,0,0,3,3,0,0,2
79,88,88,88,88,80,80,80,50,88,98,0,0,3,3,0,0,2
80,88,88,88,88,80,80,80,50,88,98,0,0,3,3,0,0,2
81,88,88,88,88,80,80,80,50,88,98,0,0,3,3,0,0,2
82,88,88,88,88,80,80,80,50,88,98,0,0,3,3,0,0,2
83,88,88,88,88,80,80,80,50,88,98,0,0,3,3,0,0,2
84,88,88,88,88,80,80,80,50,88,98,0,0,3,3,0,0,2
85,88,88,88,88,80,80,80,50,88,98,0,0,3,3,0,0,2
86,88,88,88,88,80,80,80,50,88,98,0,0,3,3,0,0,2
87,88,88,88,88,80,80,80,50,88,98,0,0,3,3,0,0,2
88,88,88,88,88,80,80,80,50,88,98,0,0,3,3,0,0,2
89,88,88,88,88,80,80,80,50,88,98,0,0,3,3,0,0,2
90,88,88,88,88,80,80,80,50,88,98,0,0,3,3,0,0,2
91,88,88,88,88,80,80,80,50,88,98,0,0,3,3,0,0,2
92,88,88,88,88,80,80,80,50,88,98,0,0,3,3,0,0,2
93,88,88,88,88,80,80,80,50,88,98,0,0,3,3,0,0,2
94,88,88,88,88,80,80,80,50,88,98,0,0,3,3,0,0,2
95,88,88,88,88,80,80,80,50,88,98,0,0,3,3,0,0,2
96,88,88,88,88,80,80,80,50,88,98,0,0,3,3,0,0,2
97,88,88,88,88,80,80,80,50,88,98,0,0,3,3,0,0,2
98,88,88,88,88,80,80,80,50,88,98,0,0,3,3,0,0,2
99,88,88,88,88,80,80,80,50,88,98,0,0,3,3,0,0,2
100,88,88,88,88,80,80,80,50,88,98,0,0,3,3,0,0,2
101,88,88,88,88,80,80,80,50,88,98,0,0,3,3,0,0,2
102,88,88,88,88,80,80,80,50,88,98,0,0,3,3,0,0,2
103,88,88,88,88,80,80,80,50,88,98,0,0,3,3,0,0,2
104,88,88,88,88,80,80,80,50,88,98,0,0,3,3,0,0,2
105,88,88,88,88,80,80,80,50,88,98,0,0,3,3,0,0,2
106,88,88,88,88,80,80,80,50,88,98,0,0,3,3,0,0,2
107,88,88,88,88,80,80,80,50,88,98,0,0,3,3,0,0,2
108,88,88,88,88,80,80,80,50,88,98,0,0,3,3,0,0,2
109,88,88,88,88,80,80,80,50,88,98,0,0,3,3,0,0,2
110,88,88,88,88,80,80,80,50,88,98,0,0,3,3,0,0,2
111,88,88,88,88,80,80,80,50,88,98,0,0,3,3,0,0,2
112,88,88,88,88,80,80,80,50,88,98,0,0,3,3,0,0,2
113,88,88,88,88,80,80,80,50,88,98,0,0,3,3,0,0,2
114,88,88,88,88,80,80,80,50,88,98,0,0,3,3,0,0,2
115,88,88,88,88,80,80,80,50,88,98,0,0,3,3,0,0,2
116,88,88,88,88,80,80,80,50,88,98,0,0,3,3,0,0,2
117,88,88,88,88,80,80,80,50,88,98,0,0,3,3,0,0,2
118,88,88,88,88,80,80,80,50,88,98,0,0,3,3,0,0,2
119,88,88,88,88,80,80,80,50,88,98,0,0,3,3,0,0,2
120,88,88,88,88,80,80,80,50,88,98,0,0,3,3,0,0,2
121,88,88,88,88,80,80,80,50,88,98,0,0,3,3,0,0,2
122,88,88,88,88,80,80,80,50,88,98,0,0,3,3,0,0,2
123,88,88,88,88,80,80,80,50,88,98,0,0,3,3,0,0,2
124,88,88,88,88,80,80,80,50,88,98,0,0,3,3,0,0,2
125,88,88,88,88,80,80,80,50,88,98,0,0,3,3,0,0,2
126,88,88,88,88,80,80,80,50,88,98,0,0,3,3,0,0,2
127,88,88,88,88,80,80,80,50,88,98,0,0,3,3,0,0,2
128,88,88,88,88,80,80,80,50,88,98,0,0,3,3,0,0,2
129,88,88,88,88,80,80,80,50,88,98,0,0,3,3,0,0,2
130,88,88,88,88,80,80,80,50,88,98,0,0,3,3,0,0,2
131,88,88,88,88,80,80,80,50,88,98,0,0,3,3,0,0,2
132,88,88,88,88,80,80,80,50,88,98,0,0,3,3,0,0,2
133,88,88,88,88,80,80,80,50,88,98,0,0,3,3,0,0,2
134,88,88,88,88,80,80,80,50,88,98,0,0,3,3,0,0,2
135,88,88,88,88,80,80,80,50,88,98,0,0,3,3,0,0,2
136,88,88,88,88,80,80,80,50,88,98,0,0,3,3,0,0,2
137,88,88,88,88,80,80,80,50,88,98,0,0,3,3,0,0,2
138,88,88,88,88,80,80,80,50,88,98,0,0,3,3,0,0,2
139,88,88,88,88,80,80,80,50,88,98,0,0,3,3,0,0,2
140,88,88,88,88,80,80,80,50,88,98,0,0,3,3,0,0,2
141,88,88,88,88,80,80,80,50,88,98,0,0,3,3,0,0,2
142,88,88,88,88,80,80,80,50,88,98,0,0,3,3,0,0,2
143,88,88,88,88,80,80,80,50,88,98,0,0,3,3,0,0,2
144,88,88,88,88,80,80,80,50,88,98,0,0,3,3,0,0,2
145,88,88,88,88,80,80,80,50,88,98,0,0,3,3,0,0,2
146,88,88,88,88,80,80,80,50,88,98,0,0,3,3,0,0,2
147,88,88,88,88,80,80,80,50,88,98,0,0,3,3,0,0,2
148,88,88,88,88,80,80,80,50,88,98,0,0,3,3,0,0,2
149,88,88,88,88,80,80,80,50,88,98,0,0,3,3,0,0,2
150,88,88,88,88,80,80,80,50,88,98,0,0,3,3,0,0,2
151,88,88,88,88,80,80,80,50,88,98,0,0,3,3,0,0,2
152,88,88,88,88,80,80,80,50,88,98,0,0,3,3,0,0,2
153,88,88,88,88,80,80,80,50,88,98,0,0,3,3,0,0,2
154,88,88,88,88,80,80,80,50,88,98,0,0,3,3,0,0,2
155,88,88,88,88,80,80,80,50,88,98,0,0,3,3,0,0,2
156,88,88,88,88,80,80,80,50,88,98,0,0,3,3,0,0,2
157,88,88,88,88,80,80,80,50,88,98,0,0,3,3,0,0,2
158,88,88,88,88,80,80,80,50,88,98,0,0,3,3,0,0,2
159,88,88,88,88,80,80,80,50,88,98,0,0,3,3,0,0,2
160,88,88,88,88,80,80,80,50,88,98,0,0,3,3,0,0,2
161,88,88,88,88,80,80,80,50,88,98,0,0,3,3,0,0,2
162,88,88,88,88,80,80,80,50,88,98,0,0,3,3,0,0,2
163,88,88,88,88,80,80,80,50,88,98,0,0,3,3,0,0,2
164,88,88,88,88,80,80,80,50,88,98,0,0,3,3,0,0,2
165,88,88,88,88,80,80,80,50,88,98,0,0,3,3,0,0,2
166,88,88,88,88,80,80,80,50,88,98,0,0,3,3,0,0,2
167,88,88,88,88,80,80,80,50,88,98,0,0,3,3,0,0,2
168,88,88,88,88,80,80,80,50,88,98,0,0,3,3,0,0,2
169,88,88,88,88,80,80,80,50,88,98,0,0,3,3,0,0,2
170,88,88,88,88,80,80,80,50,88,98,0,0,3,3,0,0,2
171,88,88,88,88,80,80,80,50,88,98,0,0,3,3,0,0,2
172,88,88,88,88,80,80,80,50,88,98,0,0,3,3,0,0,2
173,88,88,88,88,80,80,80,50,88,98,0,0,3,3,0,0,2
174,88,88,88,88,80,80,80,50,88,98,0,0,3,3,0,0,2
175,88,88,88,88,80,80,80,50,88,98,0,0,3,3,0,0,2
176,88,88,88,88,80,80,80,50,88,98,0,0,3,3,0,0,2
177,88,88,88,88,80,80,80,50,88,98,0,0,3,3,0,0,2
178,88,88,88,88,80,80,80,50,88,98,0,0,3,3,0,0,2
179,88,88,88,88,80,80,80,50,88,98,0,0,3,3,0,0,2
180,88,88,88,88,80,80,80,50,88,98,0,0,3,3,0,0,2
181,88,88,88,88,80,80,80,50,88,98,0,0,3,3,0,0,2
182,88,88,88,88,80,80,80,50,88,98,0,0,3,3,0,0,2
183,88,88,88,88,80,80,80,50,88,98,0,0,3,3,0,0,2
184,88,88,88,88,80,80,80,50,88,98,0,0,3,3,0,0,2
185,88,88,88,88,80,80,80,50,88,98,0,0,3,3,0,0,2
186,88,88,88,88,80,80,80,50,88,98,0,0,3,3,0,0,2
187,88,88,88,88,80,80,80,50,88,98,0,0,3,3,0,0,2
188,88,88,88,88,80,80,80,50,88,98,0,0,3,3,0,0,2
189,88,88,88,88,80,80,80,50,88,98,0,0,3,3,0,0,2
190,88,88,88,88,80,80,80,50,88,98,0,0,3,3,0,0,2
191,88,88,88,88,80,80,80,50,88,98,0,0,3,3,0,0,2
192,88,88,88,88,80,80,80,50,88,98,0,0,3,3,0,0,2
193,88,88,88,88,80,80,80,50,88,98,0,0,3,3,0,0,2
194,88,88,88,88,80,80,80,50,88,98,0,0,3,3,0,0,2
195,88,88,88,88,80,80,80,50,88,98,0,0,3,3,0,0,2
196,88,88,88,88,80,80,80,50,88,98,0,0,3,3,0,0,2
197,88,88,88,88,80,80,80,50,88,98,0,0,3,3,0,0,2
198,88,88,88,88,80,80,80,50,88,98,0,0,3,3,0,0,2
199,88,88,88,88,80,80,80,50,88,98,0,0,3,3,0,0,2
200,88,88,88,88,80,80,80,50,88,98,0,0,3,3,0,0,2
201,88,88,88,88,80,80,80,50,88,98,0,0,3,3,0,0,2
202,88,88,88,88,80,80,80,50,88,98,0,0,3,3,0,0,2
203,88,88,88,88,80,80,80,50,88,98,0,0,3,3,0,0,2
204,88,88,88,88,80,80,80,50,88,98,0,0,3,3,0,0,2
205,88,88,88,88,80,80,80,50,88,98,0,0,3,3,0,0,2
206,88,88,88,88,80,80,80,50,88,98,0,0,3,3,0,0,2
207,88,88,88,88,80,80,80,50,88,98,0,0,3,3,0,0,2
208,88,88,88,88,80,80,80,50,88,98,0,0,3,3,0,0,2
209,88,88,88,88,80,80,80,50,88,98,0,0,3,3,0,0,2
210,88,88,88,88,80,80,80,50,88,98,0,0,3,3,0,0,2
211,88,88,88,88,80,80,80,50,88,98,0,0,3,3,0,0,2
212,88,88,88,88,80,80,80,50,88,98,0,0,3,3,0,0,2
213,88,88,88,88,80,80,80,50,88,98,0,0,3,3,0,0,2
214,88,88,88,88,80,80,80,50,88,98,0,0,3,3,0,0,2
215,88,88,88,88,80,80,80,50,88,98,0,0,3,3,0,0,2
216,88,88,88,88,80,80,80,50,88,98,0,0,3,3,0,0,2
217,88,88,88,88,80,80,80,50,88,98,0,0,3,3,0,0,2
218,88,88,88,88,80,80,80,50,88,98,0,0,3,3,0,0,2
219,88,88,88,88,80,80,80,50,88,98,0,0,3,3,0,0,2
220,88,88,88,88,80,80,80,50,88,98,0,0,3,3,0,0,2
221,88,88,88,88,80,80,80,50,88,98,0,0,3,3,0,0,2
222,88,88,88,88,80,80,80,50,88,98,0,0,3,3,0,0,2
223,88,88,88,88,80,80,80,50,88,98,0,0,3,3,0,0,2
224,88,88,88,88,80,80,80,50,88,98,0,0,3,3,0,0,2
225,88,88,88,88,80,80,80,50,88,98,0,0,3,3,0,0,2
226,88,88,88,88,80,80,80,50,88,98,0,0,3,3,0,0,2
227,88,88,88,88,80,80,80,50,88,98,0,0,3,3,0,0,2
228,88,88,88,88,80,80,80,50,88,98,0,0,3,3,0,0,2
229,88,88,88,88,80,80,80,50,88,98,0,0,3,3,0,0,2
230,88,88,88,88,80,80,80,50,88,98,0,0,3,3,0,0,2
231,88,88,88,88,80,80,80,50,88,98,0,0,3,3,0,0,2
232,88,88,88,88,80,80,80,50,88,98,0,0,3,3,0,0,2
233,88,88,88,88,80,80,80,50,88,98,0,0,3,3,0,0,2
234,88,88,88,88,80,80,80,50,88,98,0,0,3,3,0,0,2
235,88,88,88,88,80,80,80,50,88,98,0,0,3,3,0,0,2
236,88,88,88,88,80,80,80,50,88,98,0,0,3,3,0,0,2
237,88,88,88,88,80,80,80,50,88,98,0,0,3,3,0,0,2
238,88,88,88,88,80,80,80,50,88,98,0,0,3,3,0,0,2
239,88,88,88,88,80,80,80,50,88,98,0,0,3,3,0,0,2
240,88,88,88,88,80,80,80,50,88,98,0,0,3,3,0,0,2
241,88,88,88,88,80,80,80,50,88,98,0,0,3,3,0,0,2
242,88,88,88,88,80,80,80,50,88,98,0,0,3,3,0,0,2
243,88,88,88,88,80,80,80,50,88,98,0,0,3,3,0,0,2
244,88,88,88,88,80,80,80,50,88,98,0,0,3,3,0,0,2
245,88,88,88,88,80,80,80,50,88,98,0,0,3,3,0,0,2
246,88,88,88,88,80,80,80,50,88,98,0,0,3,3,0,0,2
247,88,88,88,88,80,80,80,50,88,98,0,0,3,3,0,0,2
248,88,88,88,88,80,80,80,50,88,98,0,0,3,3,0,0,2
249,88,88,88,88,80,80,80,50,88,98,0,0,3,3,0,0,2
250,88,88,88,88,80,80,80,50,88,98,0,0,3,3,0,0,2
251,88,88,88,88,80,80,80,50,88,98,0,0,3,3,0,0,2
252,88,88,88,88,80,80,80,50,88,98,0,0,3,3,0,0,2
253,88,88,88,88,80,80,80,50,88,98,0,0,3,3,0,0,2
254,88,88,88,88,80,80,80,50,88,98,0,0,3,3,0,0,2
255,88,88,88,88,80,80,80,50,88,98,0,0,3,3,0,0,2
256,88,88,88,88,80,80,80,50,88,98,0,0,3,3,0,0,2
257,88,88,88,88,80,80,80,50,88,98,0,0,3,3,0,0,2
258,88,88,88,88,80,80,80,50,88,98,0,0,3,3,0,0,2
259,88,88,88,88,80,80,80,50,88,98,0,0,3,3,0,0,2
260,88,88,88,88,80,80,80,50,88,98,0,0,3,3,0,0,2
261,88,88,88,88,80,80,80,50,88,98,0,0,3,3,0,0,2
262,88,88,88,88,80,80,80,50,88,98,0,0,3,3,0,0,2
263,88,88,88,88,80,80,80,50,88,98,0,0,3,3,0,0,2
264,88,88,88,88,80,80,80,50,86,98,0,0,3,3,0,0,2
265,89,90,89,86,80,80,80,50,86,98,0,0,3,3,0,0,2
266,89,90,89,86,80,80,80,50,85,98,0,0,3,3,0,0,2
267,91,91,91,85,80,80,80,50,85,98,0,0,3,3,0,0,2
268,91,91,91,85,80,80,80,50,83,98,0,0,3,3,1,10,2
269,92,93,92,84,80,80,80,50,83,98,0,0,3,3,1,10,2
270,92,93,92,84,80,80,80,50,82,98,0,0,3,3,1,10,2
271,94,94,93,83,80,79,80,50,82,98,0,0,3,3,1,10,2
272,94,94,93,83,80,79,80,50,81,98,0,0,3,3,1,10,2
273,94,94,94,81,79,77,80,50,81,98,0,0,3,3,1,10,2
274,94,94,94,81,79,77,80,50,80,98,0,0,3,3,1,10,2
275,94,94,94,80,77,76,78,50,80,98,0,0,3,3,1,10,2
276,94,94,94,80,77,76,78,50,79,98,0,0,3,3,1,10,2
277,94,94,94,78,76,74,77,50,79,98,0,0,3,3,1,10,2
278,94,94,94,78,76,74,77,50,78,98,0,0,3,3,1,10,2
279,94,94,94,78,76,74,77,50,78,98,0,0,3,3,1,10,2
280,94,94,94,78,76,74,77,50,76,98,0,0,3,3,1,10,2
281,94,94,94,76,75,72,76,50,76,98,0,0,3,3,1,10,2
282,94,94,94,76,75,72,76,50,75,98,0,0,3,3,2,20,2
283,94,94,94,75,73,71,74,50,75,98,0,0,3,3,2,20,2
284,94,94,94,75,73,71,74,50,74,98,0,0,3,3,2,20,2
285,94,94,94,74,72,69,73,50,74,98,0,0,3,3,2,20,2
286,94,94,94,74,72,69,73,50,73,98,0,0,3,3,2,20,2
287,94,94,94,73,70,67,72,50,73,98,0,0,3,3,2,20,2
288,94,94,94,73,70,67,72,50,72,98,0,0,3,3,2,20,2
289,94,93,94,71,69,66,71,50,72,98,0,0,3,3,2,20,2
290,94,93,94,71,69,66,71,50,71,98,0,0,3,3,2,20,2
291,94,92,94,70,67,66,69,50,71,98,0,0,3,3,2,20,2
292,94,92,94,70,67,66,69,50,69,98,0,0,3,3,2,20,2
293,94,90,94,68,66,66,68,50,69,98,0,0,3,3,2,20,2
294,94,90,94,68,66,66,68,50,68,98,0,0,3,3,2,20,2
295,92,89,94,67,66,66,67,50,68,98,0,0,3,3,2,20,2
296,92,89,94,67,66,66,67,50,66,98,0,0,3,3,3,30,2
297,91,87,94,65,66,66,66,50,66,98,0,0,3,3,3,30,2
298,91,87,94,65,66,66,66,50,66,96,0,0,3,0,3,30,2
299,89,86,92,64,66,66,66,50,66,96,0,0,3,0,3,30,2
300,89,86,92,64,66,66,66,50,66,95,0,0,3,0,3,30,2
301,88,85,91,63,66,66,66,50,66,95,0,0,3,0,3,30,2
302,88,85,91,63,66,66,66,50,66,93,0,0,3,0,3,30,2
303,88,83,90,62,64,66,66,50,66,93,0,0,3,0,3,30,2
304,88,83,90,62,64,66,66,50,66,92,0,0,3,0,3,30,2
305,88,82,89,60,63,66,66,50,66,92,0,0,3,0,3,30,2
306,88,82,89,60,63,66,66,50,66,90,0,0,3,0,3,30,2
307,88,82,87,59,61,67,66,50,66,90,0,0,3,0,3,30,2
308,88,82,87,59,61,67,66,50,66,88,0,0,3,0,3,30,2
309,88,82,85,57,60,68,66,50,66,88,0,0,3,0,3,30,2
310,88,82,85,57,60,68,66,50,66,86,0,0,3,0,4,40,2
311,88,82,85,57,60,68,66,50,66,86,0,0,3,0,4,40,2
312,88,82,85,57,60,68,66,50,66,85,0,0,3,0,4,40,2
313,88,82,83,55,59,69,66,50,66,85,0,0,3,0,4,40,2
314,88,82,83,55,59,69,66,50,66,83,0,0,3,0,4,40,2
315,88,82,82,54,57,70,67,50,66,83,0,0,3,0,4,40,2
316,88,82,82,54,57,70,67,50,66,82,0,0,3,0,4,40,2
317,88,82,82,53,56,71,69,50,66,82,0,0,3,0,4,40,2
318,88,82,82,53,56,71,69,50,66,80,0,0,3,0,4,40,2
319,88,82,82,52,54,73,70,50,66,80,0,0,3,0,4,40,2
320,88,82,82,52,54,73,70,50,66,78,0,0,3,0,4,40,2
321,88,82,82,50,53,74,72,50,66,78,0,0,3,0,4,40,2
322,88,82,82,50,53,74,72,50,66,76,0,0,3,0,4,40,2
323,88,82,82,49,51,75,74,50,66,76,0,0,3,0,4,40,2
324,88,82,82,49,51,75,74,50,66,74,0,0,3,0,5,50,2
325,88,82,82,47,50,76,76,50,66,74,0,0,3,0,5,50,2
326,88,82,82,47,50,76,76,50,66,72,0,0,3,0,5,50,2
327,89,82,82,46,50,77,77,50,66,72,0,0,3,0,5,50,2
328,89,82,82,46,50,77,77,50,66,71,0,0,3,0,5,50,2
329,90,82,82,44,50,78,79,50,66,71,0,0,3,0,5,50,2
330,90,82,82,44,50,78,79,50,66,69,0,0,3,0,5,50,2
331,91,82,83,43,50,79,80,50,66,69,0,0,3,0,5,50,2
332,91,82,83,43,50,79,80,50,66,68,0,0,3,0,5,50,2
333,92,82,85,42,50,80,80,50,66,68,0,0,3,0,5,50,2
334,92,82,85,42,50,80,80,50,66,66,0,0,3,0,5,50,2
335,93,84,86,42,50,80,80,48,66,66,0,0,3,0,5,50,2
336,93,84,86,42,50,80,80,48,66,64,0,0,3,0,5,50,2
337,94,85,88,42,50,80,80,46,66,64,0,0,3,0,5,50,2
338,94,85,88,42,50,80,80,46,66,62,0,0,3,0,6,60,2
339,95,86,90,42,50,80,80,44,66,62,0,0,3,0,6,60,2
340,95,86,90,42,50,80,80,44,66,61,0,0,3,0,6,60,2
341,96,87,92,42,50,80,80,42,66,61,0,0,3,0,6,60,2
342,96,87,92,42,50,80,80,42,66,59,0,0,3,0,6,60,2
343,96,87,92,42,50,80,80,42,66,59,0,0,3,0,6,60,2
344,96,87,92,42,50,80,80,42,66,58,0,0,3,0,6,60,2
345,97,88,94,42,50,80,80,40,66,58,0,0,3,0,6,60,2
346,97,88,94,42,50,80,80,40,66,56,0,0,3,0,6,60,2
347,98,89,94,42,50,80,78,38,66,56,0,0,3,0,6,60,2
348,98,89,94,42,50,80,78,38,66,54,0,0,3,0,6,60,2
349,99,90,94,42,50,80,76,37,66,54,0,0,3,0,6,60,2
350,99,90,94,42,50,80,76,37,66,52,0,0,3,0,6,60,2
351,100,92,94,42,50,80,75,35,66,52,0,0,3,0,6,60,2
352,100,92,94,42,50,80,75,35,66,50,0,0,3,0,7,70,2
353,101,93,94,42,50,80,73,33,66,50,0,0,3,0,7,70,2
354,101,93,94,42,50,80,73,33,66,48,0,0,3,0,7,70,2
355,102,94,94,42,50,80,71,31,66,48,0,0,3,0,7,70,2
356,102,94,94,42,50,80,71,31,66,47,0,0,3,0,7,70,2
357,103,94,94,42,50,79,69,29,66,47,0,0,3,0,7,70,2
358,103,94,94,42,50,79,69,29,66,45,0,0,3,0,7,70,2
359,104,94,94,42,50,78,68,27,66,45,0,0,3,0,7,70,2
360,104,94,94,42,50,78,68,27,66,44,0,0,3,0,7,70,2
361,105,94,94,41,50,77,66,26,66,44,0,0,3,0,7,70,2
362,105,94,94,41,50,77,66,26,66,42,0,0,3,0,7,70,2
363,106,94,92,40,50,76,66,26,66,42,0,0,3,0,7,70,2
364,106,94,92,40,50,76,66,26,66,40,0,0,3,0,7,70,2
365,107,94,90,39,50,75,66,26,66,40,0,0,3,0,7,70,2
366,107,94,90,39,50,75,66,26,66,38,0,0,3,0,8,80,2
367,108,94,89,38,50,73,66,26,66,38,0,0,3,0,8,80,2
368,108,94,89,38,50,73,66,26,66,37,0,0,3,0,8,80,2
369,109,94,87,36,50,72,66,26,66,37,0,0,3,0,8,80,2
370,109,94,87,36,50,72,66,26,66,35,0,0,3,0,8,80,2
371,110,94,85,35,50,71,66,26,66,35,0,0,3,0,8,80,2
372,110,94,85,35,50,71,66,26,66,34,0,0,3,0,8,80,2
373,110,94,84,33,50,70,66,26,66,34,0,0,3,0,8,80,2
374,110,94,84,33,50,70,66,26,66,32,0,0,3,0,8,80,2
375,110,94,84,33,50,70,66,26,66,32,0,0,3,0,8,80,2
376,110,94,84,33,50,70,66,26,66,30,0,0,3,0,8,80,2
377,111,94,83,31,50,69,66,26,66,30,0,0,3,0,8,80,2
378,111,94,83,31,50,69,66,26,66,28,0,0,3,0,8,80,2
379,112,94,82,30,50,68,67,26,66,28,0,0,3,0,8,80,2
380,112,94,82,30,50,68,67,26,66,26,0,0,3,0,9,90,2
381,113,94,82,29,50,67,68,26,66,26,0,0,3,0,9,90,2
382,113,94,82,29,50,67,68,26,66,26,0,0,3,0,9,90,2
383,114,93,82,28,50,66,69,26,66,26,0,0,3,0,9,90,2
384,114,93,82,28,50,66,69,26,66,26,0,0,3,0,9,90,2
385,115,92,82,26,50,66,70,26,66,26,0,0,3,0,9,90,2
386,115,92,82,26,50,66,70,26,66,26,0,0,3,0,9,90,2
387,116,91,82,25,50,66,72,26,66,26,0,0,3,0,9,90,2
388,116,91,82,25,50,66,72,26,66,26,0,0,3,0,9,90,2
389,117,90,82,23,50,66,73,26,66,26,0,0,3,0,9,90,2
390,117,90,82,23,50,66,73,26,66,26,0,0,3,0,9,90,2
391,118,89,82,22,50,66,74,26,66,26,0,0,3,0,9,90,2
392,118,89,82,22,50,66,74,26,66,26,0,0,3,0,9,90,2
393,119,88,82,20,50,66,75,26,66,26,0,0,3,0,9,90,2
394,119,88,82,20,50,66,75,26,66,26,0,0,3,0,9,90,2
395,120,87,82,19,50,66,77,26,66,26,0,0,3,0,9,90,2
396,120,87,82,19,50,66,77,26,66,26,0,0,3,0,9,90,2
397,121,85,82,18,50,66,78,26,66,26,0,0,3,0,9,90,2
398,121,85,82,18,50,66,78,26,66,26,0,0,3,0,9,90,2
399,122,83,82,18,50,66,79,24,66,26,0,0,3,0,9,90,2
400,122,83,82,18,50,66,79,24,66,26,0,0,3,0,9,90,2
401,123,82,82,18,50,67,80,22,66,26,0,0,3,0,9,90,2
402,123,82,82,18,50,67,80,22,66,26,0,0,3,0,9,90,2
403,124,82,84,18,50,68,80,20,66,26,0,0,3,0,9,90,2
404,124,82,84,18,50,68,80,20,66,26,0,0,3,0,9,90,2
405,125,82,85,18,50,70,80,18,66,26,0,0,3,0,9,90,2
406,125,82,85,18,50,70,80,18,66,26,0,0,3,0,9,90,2
407,125,82,85,18,50,70,80,18,66,26,0,0,3,0,9,90,2
408,125,82,85,18,50,70,80,18,66,26,0,0,3,0,9,90,2
409,126,82,86,18,50,72,80,16,66,26,0,0,3,0,9,90,2
410,126,82,86,18,50,72,80,16,66,26,0,0,3,0,9,90,2
411,127,82,88,18,50,73,80,14,66,26,0,0,3,0,9,90,2
412,127,82,88,18,50,73,80,14,66,26,0,0,3,0,9,90,2
413,128,82,89,18,50,75,80,13,66,26,0,0,3,0,9,90,2
414,128,82,89,18,50,75,80,13,66,26,0,0,3,0,9,90,2
415,129,82,90,18,50,77,80,11,66,26,0,0,3,0,9,90,2
416,129,82,90,18,50,77,80,11,66,26,0,0,3,0,9,90,2
417,130,82,91,18,50,79,80,9,66,26,0,0,3,0,9,90,2
418,130,82,91,18,50,79,80,9,66,26,0,0,3,0,9,90,2
419,131,82,93,18,50,80,80,7,66,26,0,0,3,0,9,90,2
420,131,82,93,18,50,80,80,7,66,26,0,0,3,0,9,90,2
421,132,84,94,18,50,80,80,5,66,26,0,0,3,0,9,90,2
422,132,84,94,18,50,80,80,5,66,26,0,0,3,0,9,90,2
423,133,85,94,18,50,80,79,3,66,26,0,0,3,0,9,90,2
424,133,85,94,18,50,80,79,3,66,26,0,0,3,0,9,90,2
425,134,87,94,19,50,80,78,2,66,26,0,0,3,0,9,90,2
426,134,87,94,19,50,80,78,2,65,26,0,0,3,3,9,90,2
427,134,88,94,20,48,80,76,2,65,26,0,0,3,3,9,90,2
428,134,88,94,20,48,80,76,2,63,26,0,0,3,3,9,90,2
429,134,90,94,21,47,80,75,2,63,26,0,0,3,3,9,90,2
430,134,90,94,21,47,80,75,2,62,26,0,0,3,3,9,90,2
431,134,92,94,22,45,80,74,2,62,26,0,0,3,3,9,90,2
432,134,92,94,22,45,80,74,2,60,26,0,0,3,3,9,90,2
433,134,94,94,24,44,80,73,2,60,26,0,0,3,3,9,90,2
434,134,94,94,24,44,80,73,2,59,26,0,0,3,3,10,90,2
435,134,94,94,25,42,79,71,2,59,26,0,0,3,3,10,90,2
436,134,94,94,25,42,79,71,2,58,26,0,0,3,3,10,90,2
437,134,94,94,27,41,77,70,2,58,26,0,0,3,3,10,90,2
438,134,94,94,27,41,77,70,2,57,26,0,0,3,3,10,90,2
439,134,94,94,27,41,77,70,2,57,26,0,0,3,3,10,90,2
440,134,94,94,27,41,77,70,2,56,26,0,0,3,3,10,90,2
441,134,94,94,29,40,75,69,2,56,26,0,0,3,3,10,90,2
442,134,94,94,29,40,75,69,2,55,26,0,0,3,3,10,90,2
443,134,94,94,30,38,74,67,2,55,26,0,0,3,3,10,90,2
444,134,94,94,30,38,74,67,2,53,26,0,0,3,3,10,90,2
445,134,94,94,31,37,72,66,2,53,26,0,0,3,3,10,90,2
446,134,94,94,31,37,72,66,2,52,26,0,0,3,3,10,90,2
447,134,94,93,32,35,70,66,2,52,26,0,0,3,3,10,90,2
448,134,94,93,32,35,70,66,2,50,26,0,0,3,3,11,100,2
449,134,94,92,34,34,68,66,2,50,26,0,0,3,3,11,100,2
450,134,94,92,34,34,68,66,2,51,26,0,0,3,1,11,100,2
451,134,94,90,35,32,67,66,2,51,26,0,0,3,1,11,100,2
452,134,94,90,35,32,67,66,2,52,26,0,0,3,1,11,100,2
453,134,93,89,37,31,66,66,2,52,26,0,0,3,1,11,100,2
454,134,93,89,37,31,66,66,2,53,26,0,0,3,1,11,100,2
455,134,92,88,38,29,66,66,2,53,26,0,0,3,1,11,100,2
456,134,92,88,38,29,66,66,2,54,26,0,0,3,1,11,100,2
457,134,90,86,40,28,66,66,2,54,26,0,0,3,1,11,100,2
458,134,90,86,40,28,66,66,2,55,26,0,0,3,1,11,100,2
459,134,89,84,41,26,66,66,2,55,26,0,0,3,1,11,100,2
460,134,89,84,41,26,66,66,2,57,26,0,0,3,1,11,100,2
461,135,88,82,42,26,65,66,2,57,26,0,0,3,1,11,100,2
462,135,88,82,42,26,65,66,2,58,26,0,0,3,1,11,100,2
463,136,88,82,42,26,63,67,4,58,26,0,0,3,1,11,100,2
464,136,88,82,42,26,63,67,4,60,26,0,0,3,1,11,100,2
465,137,88,82,42,26,61,69,6,60,26,0,0,3,1,11,100,2
466,137,88,82,42,26,61,69,6,61,26,0,0,3,1,11,100,2
467,138,88,82,42,26,60,71,8,61,26,0,0,3,1,11,100,2
468,138,88,82,42,26,60,71,8,63,26,0,0,3,1,11,100,2
469,139,88,82,42,26,58,73,10,63,26,0,0,3,1,11,100,2
470,139,88,82,42,26,58,73,10,64,26,0,0,3,1,11,100,2
471,139,88,82,42,26,58,73,10,64,26,0,0,3,1,11,100,2
472,139,88,82,42,26,58,73,10,66,26,0,0,3,1,11,100,2
473,140,88,82,42,26,56,75,12,66,26,0,0,3,1,11,100,2
474,140,88,82,42,26,56,75,12,67,26,0,0,3,1,11,100,2
475,141,88,82,42,26,55,77,14,67,26,0,0,3,1,11,100,2
476,141,88,82,42,26,55,77,14,69,26,0,0,3,1,11,100,2
477,142,88,82,42,26,53,79,15,69,26,0,0,3,1,11,100,2
478,142,88,82,42,26,53,79,15,70,26,0,0,3,1,11,100,2
479,143,88,82,42,26,51,80,17,70,26,0,0,3,1,11,100,2
480,143,88,82,42,26,51,80,17,72,26,0,0,3,1,12,110,2
481,144,89,84,42,26,50,80,19,72,26,0,0,3,1,12,110,2
482,144,89,84,42,26,50,80,19,73,26,0,0,3,1,12,110,2
483,145,90,86,42,26,50,80,21,73,26,0,0,3,1,12,110,2
484,145,90,86,42,26,50,80,21,74,26,0,0,3,1,12,110,2
485,146,91,88,42,26,50,80,23,74,26,0,0,3,1,12,110,2
486,146,91,88,42,26,50,80,23,75,26,0,0,3,1,12,110,2
487,147,92,89,42,26,50,80,25,75,26,0,0,3,1,12,110,2
488,147,92,89,42,26,50,80,25,76,26,0,0,3,1,12,110,2
489,148,93,91,43,26,50,80,26,76,26,0,0,3,1,12,110,2
490,148,93,91,43,26,50,80,26,77,26,0,0,3,1,12,110,2
491,149,94,93,44,26,50,80,26,77,26,0,0,3,1,12,110,2
492,149,94,93,44,26,50,80,26,79,26,0,0,3,1,12,110,2
493,150,95,94,45,26,50,79,26,79,26,0,0,3,1,12,110,2
494,150,95,94,45,26,50,79,26,80,26,0,0,3,1,13,120,2
495,151,97,94,46,26,50,78,26,80,26,0,0,3,1,13,120,2
496,151,97,94,46,26,50,78,26,81,26,0,0,3,1,13,120,2
497,152,98,94,48,26,50,76,26,81,26,0,0,3,1,13,120,2
498,152,98,94,48,26,50,76,26,80,26,0,0,3,3,13,120,2
499,153,99,94,49,26,50,74,26,80,26,0,0,3,3,13,120,2
500,153,99,94,49,26,50,74,26,79,26,0,0,3,3,13,120,2
501,154,100,94,51,26,50,72,26,79,26,0,0,3,3,13,120,2
502,154,100,94,51,26,50,72,26,78,26,0,0,3,3,13,120,2
503,154,100,94,51,26,50,72,26,78,26,0,0,3,3,13,120,2
504,154,100,94,51,26,50,72,26,76,26,0,0,3,3,13,120,2
505,155,101,94,53,26,50,70,26,76,26,0,0,3,3,13,120,2
506,155,101,94,53,26,50,70,26,75,26,0,0,3,3,13,120,2
507,156,102,94,54,26,50,68,26,75,26,0,0,3,3,13,120,2
508,156,102,94,54,26,50,68,26,73,26,0,0,3,3,13,120,2
509,157,103,94,55,26,50,66,26,73,26,0,0,3,3,13,120,2
510,157,103,94,55,26,50,66,26,72,26,0,0,3,3,13,120,2
511,158,105,93,56,26,50,66,26,72,26,0,0,3,3,13,120,2
512,158,105,93,56,26,50,66,26,70,26,0,0,3,3,13,120,2
513,158,106,91,58,25,50,66,26,70,26,0,0,3,3,13,120,2
514,158,106,91,58,25,50,66,26,69,26,0,0,3,3,13,120,2
515,158,107,89,59,23,50,66,26,69,26,0,0,3,3,13,120,2
516,158,107,89,59,23,50,66,26,67,26,0,0,3,3,13,120,2
517,158,108,88,61,22,50,65,26,67,26,0,0,3,3,13,120,2
518,158,108,88,61,22,50,65,26,66,26,0,0,3,3,13,120,2
519,158,109,88,62,20,50,64,26,66,26,0,0,3,3,13,120,2
520,158,109,88,62,20,50,64,26,64,26,0,0,3,3,13,120,2
521,158,109,88,62,20,50,64,26,64,26,0,0,3,3,13,120,2
522,158,109,88,62,20,50,64,26,64,26,0,0,3,3,13,120,2
523,158,109,88,62,20,50,64,26,64,26,0,0,3,3,13,120,2
524,158,109,88,62,20,50,64,26,64,26,0,0,3,3,13,120,2
525,158,109,88,62,20,50,64,26,64,26,0,0,3,3,13,120,2
526,158,109,88,62,20,50,64,26,64,26,0,0,3,3,13,120,2
527,158,109,88,62,20,50,64,26,64,26,0,0,3,3,13,120,2
528,158,109,88,62,20,50,64,26,64,26,0,0,3,3,13,120,2
529,158,109,88,62,20,50,64,26,64,26,0,0,3,3,13,120,2
530,158,109,88,62,20,50,64,26,64,26,0,0,3,3,13,120,2
531,158,109,88,62,20,50,64,26,64,26,0,0,3,3,13,120,2
532,158,109,88,62,20,50,64,26,64,26,0,0,3,3,13,120,2
533,158,109,88,62,20,50,64,26,64,26,0,0,3,3,13,120,2
534,158,109,88,62,20,50,64,26,64,26,0,0,3,3,13,120,2
535,158,109,88,62,20,50,64,26,64,26,0,0,3,3,13,120,2
536,158,109,88,62,20,50,64,26,64,26,0,0,3,3,13,120,2
537,158,109,88,62,20,50,64,26,64,26,0,0,3,3,13,120,2
538,158,109,88,62,20,50,64,26,64,26,0,0,3,3,13,120,2
539,158,109,88,62,20,50,64,26,64,26,0,0,3,3,13,120,2
540,158,109,88,62,20,50,64,26,64,26,0,0,3,3,13,120,2
541,158,109,88,62,20,50,64,26,64,26,0,0,3,3,13,120,2
542,158,109,88,62,20,50,64,26,64,26,0,0,3,3,13,120,2
543,158,109,88,62,20,50,64,26,64,26,0,0,3,3,13,120,2
544,158,109,88,62,20,50,64,26,64,26,0,0,3,3,13,120,2
545,158,109,88,62,20,50,64,26,64,26,0,0,3,3,13,120,2
546,158,109,88,62,20,50,64,26,64,26,0,0,3,3,13,120,2
547,158,109,88,62,20,50,64,26,64,26,0,0,3,3,13,120,2
548,158,109,88,62,20,50,64,26,64,26,0,0,3,3,13,120,2
549,158,109,88,62,20,50,64,26,64,26,0,0,3,3,13,120,2
550,158,109,88,62,20,50,64,26,64,26,0,0,3,3,13,120,2
551,158,109,88,62,20,50,64,26,64,26,0,0,3,3,13,120,2
552,158,109,88,62,20,50,64,26,64,26,0,0,3,3,13,120,2
553,158,109,88,62,20,50,64,26,64,26,0,0,3,3,13,120,2
554,158,109,88,62,20,50,64,26,64,26,0,0,3,3,13,120,2
555,158,109,88,62,20,50,64,26,64,26,0,0,3,3,13,120,2
556,158,109,88,62,20,50,64,26,64,26,0,0,3,3,13,120,2
557,158,109,88,62,20,50,64,26,64,26,0,0,3,3,13,120,2
558,158,109,88,62,20,50,64,26,64,26,0,0,3,3,13,120,2
559,158,109,88,62,20,50,64,26,64,26,0,0,3,3,13,120,2
560,158,109,88,62,20,50,64,26,64,26,0,0,3,3,13,120,2
561,158,109,88,62,20,50,64,26,64,26,0,0,3,3,13,120,2
562,158,109,88,62,20,50,64,26,64,26,0,0,3,3,13,120,2
563,158,109,88,62,20,50,64,26,64,26,0,0,3,3,13,120,2
564,158,109,88,62,20,50,64,26,64,26,0,0,3,3,13,120,2
565,158,109,88,62,20,50,64,26,64,26,0,0,3,3,13,120,2
566,158,109,88,62,20,50,64,26,64,26,0,0,3,3,13,120,2
567,158,109,88,62,20,50,64,26,64,26,0,0,3,3,13,120,2
568,158,109,88,62,20,50,64,26,64,26,0,0,3,0,13,120,2
569,158,109,88,62,20,50,64,26,64,26,0,0,3,0,13,120,2
570,158,109,88,62,20,50,64,26,64,26,0,0,3,0,13,120,2
571,158,109,88,62,20,50,64,26,64,26,0,0,3,0,13,120,2
572,158,109,88,62,20,50,64,26,64,26,0,0,3,0,13,120,2
573,158,109,88,62,20,50,64,26,64,26,0,0,3,0,13,120,2
574,158,109,88,62,20,50,64,26,64,26,0,0,3,0,13,120,2
575,158,109,88,62,20,50,64,26,64,26,0,0,3,0,13,120,2
576,158,109,88,62,20,50,64,26,64,26,0,0,3,1,13,120,2
577,158,109,88,62,20,50,64,26,64,26,0,0,3,1,13,120,2
578,158,109,88,62,20,50,64,26,64,26,0,0,3,1,13,120,2
579,158,109,88,62,20,50,64,26,64,26,0,0,3,1,13,120,2
580,158,109,88,62,20,50,64,26,64,26,0,0,3,1,13,120,2
581,158,109,88,62,20,50,64,26,64,26,0,0,3,1,13,120,2
582,158,109,88,62,20,50,64,26,64,26,0,0,3,1,13,120,2
583,158,109,88,62,20,50,64,26,64,26,0,0,3,1,13,120,2
584,158,109,88,62,20,50,64,26,64,26,0,0,3,2,13,120,2
585,158,109,88,62,20,50,64,26,64,26,0,0,3,2,13,120,2
586,158,109,88,62,20,50,64,26,64,26,0,0,3,2,13,120,2
587,158,109,88,62,20,50,64,26,64,26,0,0,3,2,13,120,2
588,158,109,88,62,20,50,64,26,64,26,0,0,3,2,13,120,2
589,158,109,88,62,20,50,64,26,64,26,0,0,3,2,13,120,2
590,158,109,88,62,20,50,64,26,64,26,0,0,3,2,13,120,2
591,158,109,88,62,20,50,64,26,64,26,0,0,3,2,13,120,2
592,158,109,88,62,20,50,64,26,64,26,0,0,3,3,13,120,2
593,158,109,88,62,20,50,64,26,64,26,0,0,3,3,13,120,2
594,158,109,88,62,20,50,64,26,64,26,0,0,3,3,13,120,2
595,158,109,88,62,20,50,64,26,64,26,0,0,3,3,13,120,2
596,158,109,88,62,20,50,64,26,64,26,0,0,3,3,13,120,2
597,158,109,88,62,20,50,64,26,64,26,0,0,3,3,13,120,2
598,158,109,88,62,20,50,64,26,64,26,0,0,3,3,13,120,2
599,158,109,88,62,20,50,64,26,64,26,0,0,3,3,13,120,2
600,158,109,88,62,20,50,64,26,64,26,0,0,3,0,13,120,2
601,88,88,88,88,80,80,80,50,88,98,0,0,3,3,13,120,1
602,88,88,88,88,80,80,80,50,88,98,0,0,3,3,13,120,1
603,88,88,88,88,80,80,80,50,88,98,0,0,3,3,13,120,1
604,88,88,88,88,80,80,80,50,88,98,0,0,3,3,13,120,1
605,88,88,88,88,80,80,80,50,88,98,0,0,3,3,13,120,1
606,88,88,88,88,80,80,80,50,88,98,0,0,3,3,13,120,1
607,88,88,88,88,80,80,80,50,88,98,0,0,3,3,13,120,1
608,88,88,88,88,80,80,80,50,88,98,0,0,3,3,13,120,1
609,88,88,88,88,80,80,80,50,88,98,0,0,3,3,13,120,1
610,88,88,88,88,80,80,80,50,88,98,0,0,3,3,13,120,1
611,88,88,88,88,80,80,80,50,88,98,0,0,3,3,13,120,1
612,88,88,88,88,80,80,80,50,88,98,0,0,3,3,13,120,1
613,88,88,88,88,80,80,80,50,88,98,0,0,3,3,13,120,1
614,88,88,88,88,80,80,80,50,88,98,0,0,3,3,13,120,1
615,88,88,88,88,80,80,80,50,88,98,0,0,3,3,13,120,1
616,88,88,88,88,80,80,80,50,88,98,0,0,3,3,13,120,1
617,88,88,88,88,80,80,80,50,88,98,0,0,3,3,13,120,1
618,88,88,88,88,80,80,80,50,88,98,0,0,3,3,13,120,1
619,88,88,88,88,80,80,80,50,88,98,0,0,3,3,13,120,1
620,88,88,88,88,80,80,80,50,88,98,0,0,3,3,13,120,1
621,88,88,88,88,80,80,80,50,88,98,0,0,3,3,13,120,1
622,88,88,88,88,80,80,80,50,88,98,0,0,3,3,13,120,1
623,88,88,88,88,80,80,80,50,88,98,0,0,3,3,13,120,1
624,88,88,88,88,80,80,80,50,88,98,0,0,3,3,13,120,1
625,88,88,88,88,80,80,80,50,88,98,0,0,3,3,13,120,1
626,88,88,88,88,80,80,80,50,88,98,0,0,3,3,13,120,1
627,88,88,88,88,80,80,80,50,88,98,0,0,3,3,13,120,1
628,88,88,88,88,80,80,80,50,88,98,0,0,3,3,13,120,1
629,88,88,88,88,80,80,80,50,88,98,0,0,3,3,13,120,1
630,88,88,88,88,80,80,80,50,88,98,0,0,3,3,13,120,1
631,88,88,88,88,80,80,80,50,88,98,0,0,3,3,13,120,1
632,88,88,88,88,80,80,80,50,88,98,0,0,3,3,13,120,1
633,88,88,88,88,80,80,80,50,88,98,0,0,3,3,13,120,1
634,88,88,88,88,80,80,80,50,88,98,0,0,3,3,13,120,1
635,88,88,88,88,80,80,80,50,88,98,0,0,3,3,13,120,1
636,88,88,88,88,80,80,80,50,88,98,0,0,3,3,13,120,1
637,88,88,88,88,80,80,80,50,88,98,0,0,3,3,13,120,1
638,88,88,88,88,80,80,80,50,88,98,0,0,3,3,13,120,1
639,88,88,88,88,80,80,80,50,88,98,0,0,3,3,13,120,1
640,88,88,88,88,80,80,80,50,88,98,0,0,3,3,13,120,1
641,88,88,88,88,80,80,80,50,88,98,0,0,3,3,13,120,1
642,88,88,88,88,80,80,80,50,88,98,0,0,3,3,13,120,1
643,88,88,88,88,80,80,80,50,88,98,0,0,3,3,13,120,1
644,88,88,88,88,80,80,80,50,88,98,0,0,3,3,13,120,1
645,88,88,88,88,80,80,80,50,88,98,0,0,3,3,13,120,1
646,88,88,88,88,80,80,80,50,88,98,0,0,3,3,13,120,1
647,88,88,88,88,80,80,80,50,88,98,0,0,3,3,13,120,1
648,88,88,88,88,80,80,80,50,88,98,0,0,3,3,13,120,1
649,88,88,88,88,80,80,80,50,88,98,0,0,3,3,13,120,1
650,88,88,88,88,80,80,80,50,88,98,0,0,3,3,13,120,1
651,88,88,88,88,80,80,80,50,88,98,0,0,3,3,13,120,1
652,88,88,88,88,80,80,80,50,88,98,0,0,3,3,13,120,1
653,88,88,88,88,80,80,80,50,88,98,0,0,3,3,13,120,1
654,88,88,88,88,80,80,80,50,88,98,0,0,3,3,13,120,1
655,88,88,88,88,80,80,80,50,88,98,0,0,3,3,13,120,1
656,88,88,88,88,80,80,80,50,88,98,0,0,3,3,13,120,1
657,88,88,88,88,80,80,80,50,88,98,0,0,3,3,13,120,1
658,88,88,88,88,80,80,80,50,88,98,0,0,3,3,13,120,1
659,88,88,88,88,80,80,80,50,88,98,0,0,3,3,13,120,1
660,88,88,88,88,80,80,80,50,88,98,0,0,3,3,13,120,1
661,88,88,88,88,80,80,80,50,88,98,0,0,3,3,13,120,1
662,88,88,88,88,80,80,80,50,88,98,0,0,3,3,13,120,1
663,88,88,88,88,80,80,80,50,88,98,0,0,3,3,13,120,1
664,88,88,88,88,80,80,80,50,88,98,0,0,3,3,13,120,1
665,88,88,88,88,80,80,80,50,88,98,0,0,3,3,13,120,1
666,88,88,88,88,80,80,80,50,88,98,0,0,3,3,13,120,1
667,88,88,88,88,80,80,80,50,88,98,0,0,3,3,13,120,1
668,88,88,88,88,80,80,80,50,88,98,0,0,3,3,13,120,1
669,88,88,88,88,80,80,80,50,88,98,0,0,3,3,13,120,1
670,88,88,88,88,80,80,80,50,88,98,0,0,3,3,13,120,1
671,88,88,88,88,80,80,80,50,88,98,0,0,3,3,13,120,1
672,88,88,88,88,80,80,80,50,88,98,0,0,3,3,13,120,1
673,88,88,88,88,80,80,80,50,88,98,0,0,3,3,13,120,1
674,88,88,88,88,80,80,80,50,88,98,0,0,3,3,13,120,1
675,88,88,88,88,80,80,80,50,88,98,0,0,3,3,13,120,1
676,88,88,88,88,80,80,80,50,88,98,0,0,3,3,13,120,1
677,88,88,88,88,80,80,80,50,88,98,0,0,3,3,13,120,1
678,88,88,88,88,80,80,80,50,88,98,0,0,3,3,13,120,1
679,88,88,88,88,80,80,80,50,88,98,0,0,3,3,13,120,1
680,88,88,88,88,80,80,80,50,88,98,0,0,3,3,13,120,1
681,88,88,88,88,80,80,80,50,88,98,0,0,3,3,13,120,1
682,88,88,88,88,80,80,80,50,88,98,0,0,3,3,13,120,1
683,88,88,88,88,80,80,80,50,88,98,0,0,3,3,13,120,1
684,88,88,88,88,80,80,80,50,88,98,0,0,3,3,13,120,1
685,88,88,88,88,80,80,80,50,88,98,0,0,3,3,13,120,1
686,88,88,88,88,80,80,80,50,88,98,0,0,3,3,13,120,1
687,88,88,88,88,80,80,80,50,88,98,0,0,3,3,13,120,1
688,88,88,88,88,80,80,80,50,88,98,0,0,3,3,13,120,1
689,88,88,88,88,80,80,80,50,88,98,0,0,3,3,13,120,1
690,88,88,88,88,80,80,80,50,88,98,0,0,3,3,13,120,1
691,88,88,88,88,80,80,80,50,88,98,0,0,3,3,13,120,1
692,88,88,88,88,80,80,80,50,88,98,0,0,3,3,13,120,1
693,88,88,88,88,80,80,80,50,88,98,0,0,3,3,13,120,1
694,88,88,88,88,80,80,80,50,88,98,0,0,3,3,13,120,1
695,88,88,88,88,80,80,80,50,88,98,0,0,3,3,13,120,1
696,88,88,88,88,80,80,80,50,88,98,0,0,3,3,13,120,1
697,88,88,88,88,80,80,80,50,88,98,0,0,3,3,13,120,1
698,88,88,88,88,80,80,80,50,88,98,0,0,3,3,13,120,1
699,88,88,88,88,80,80,80,50,88,98,0,0,3,3,13,120,1
700,88,88,88,88,80,80,80,50,88,98,0,0,3,3,13,120,1
701,88,88,88,88,80,80,80,50,88,98,0,0,3,3,13,120,1
702,88,88,88,88,80,80,80,50,88,98,0,0,3,3,13,120,1
703,88,88,88,88,80,80,80,50,88,98,0,0,3,3,13,120,1
704,88,88,88,88,80,80,80,50,88,98,0,0,3,3,13,120,1
705,88,88,88,88,80,80,80,50,88,98,0,0,3,3,13,120,1
706,88,88,88,88,80,80,80,50,88,98,0,0,3,3,13,120,1
707,88,88,88,88,80,80,80,50,88,98,0,0,3,3,13,120,1
708,88,88,88,88,80,80,80,50,88,98,0,0,3,3,13,120,1
709,88,88,88,88,80,80,80,50,88,98,0,0,3,3,13,120,1
710,88,88,88,88,80,80,80,50,88,98,0,0,3,3,13,120,1
711,88,88,88,88,80,80,80,50,88,98,0,0,3,3,13,120,1
712,88,88,88,88,80,80,80,50,88,98,0,0,3,3,13,120,1
713,88,88,88,88,80,80,80,50,88,98,0,0,3,3,13,120,1
714,88,88,88,88,80,80,80,50,88,98,0,0,3,3,13,120,1
715,88,88,88,88,80,80,80,50,88,98,0,0,3,3,13,120,1
716,88,88,88,88,80,80,80,50,88,98,0,0,3,3,13,120,1
717,88,88,88,88,80,80,80,50,88,98,0,0,3,3,13,120,1
718,88,88,88,88,80,80,80,50,88,98,0,0,3,3,13,120,1
719,88,88,88,88,80,80,80,50,88,98,0,0,3,3,13,120,1
720,88,88,88,88,80,80,80,50,86,98,0,0,3,3,13,120,1
721,89,90,89,90,80,80,80,50,86,98,0,0,3,3,13,120,1
722,89,90,89,90,80,80,80,50,85,98,0,0,3,3,13,120,1
723,91,91,91,91,80,80,80,50,85,98,0,0,3,3,13,120,1
724,91,91,91,91,80,80,80,50,83,98,0,0,3,3,13,120,1
725,92,93,92,93,80,80,80,50,83,98,0,0,3,3,13,120,1
726,92,93,92,93,80,80,80,50,82,98,0,0,3,3,13,120,1
727,92,93,92,93,80,80,80,50,82,98,0,0,3,3,13,120,1
728,92,93,92,93,80,80,80,50,80,98,0,0,3,3,13,120,1
729,93,94,93,95,80,79,80,50,80,98,0,0,3,3,13,120,1
730,93,94,93,95,80,79,80,50,79,98,0,0,3,3,13,120,1
731,94,94,94,96,79,78,79,50,79,98,0,0,3,3,13,120,1
732,94,94,94,96,79,78,79,50,77,98,0,0,3,3,13,120,1
733,94,94,94,97,78,76,78,50,77,98,0,0,3,3,13,120,1
734,94,94,94,97,78,76,78,50,76,98,0,0,3,3,13,120,1
735,94,94,94,98,76,74,77,50,76,98,0,0,3,3,13,120,1
736,94,94,94,98,76,74,77,50,74,98,0,0,3,3,13,120,1
737,94,94,94,100,75,72,76,50,74,98,0,0,3,3,13,120,1
738,94,94,94,100,75,72,76,50,73,98,0,0,3,3,13,120,1
739,94,94,94,101,73,71,74,50,73,98,0,0,3,3,13,120,1
740,94,94,94,101,73,71,74,50,71,98,0,0,3,3,13,120,1
741,94,94,94,103,72,69,73,50,71,98,0,0,3,3,13,120,1
742,94,94,94,103,72,69,73,50,70,98,0,0,3,3,13,120,1
743,94,94,94,104,70,68,72,50,70,98,0,0,3,3,13,120,1
744,94,94,94,104,70,68,72,50,68,98,0,0,3,3,13,120,1
745,94,94,94,106,69,66,71,50,68,98,0,0,3,3,13,120,1
746,94,94,94,106,69,66,71,50,67,98,0,0,3,3,13,120,1
747,94,93,94,107,67,66,69,50,67,98,0,0,3,3,13,120,1
748,94,93,94,107,67,66,69,50,65,98,0,0,3,3,13,120,1
749,94,91,94,108,66,66,68,50,65,98,0,0,3,3,13,120,1
750,94,91,94,108,66,66,68,50,64,98,0,0,3,3,13,120,1
751,92,89,94,109,66,66,67,50,64,98,0,0,3,3,13,120,1
752,92,89,94,109,66,66,67,50,62,98,0,0,3,3,13,120,1
753,91,87,94,110,66,66,66,51,62,98,0,0,3,3,13,120,1
754,91,87,94,110,66,66,66,51,61,98,0,0,3,3,13,120,1
755,89,86,92,110,66,66,66,53,61,98,0,0,3,3,13,120,1
756,89,86,92,110,66,66,66,53,59,98,0,0,3,3,14,130,1
757,88,85,91,110,66,66,66,55,59,98,0,0,3,3,14,130,1
758,88,85,91,110,66,66,66,55,58,98,0,0,3,3,14,130,1
759,88,85,91,110,66,66,66,55,58,98,0,0,3,3,14,130,1
760,88,85,91,110,66,66,66,55,57,98,0,0,3,3,14,130,1
761,88,84,90,110,65,66,66,57,57,98,0,0,3,3,14,130,1
762,88,84,90,110,65,66,66,57,56,98,0,0,3,3,14,130,1
763,88,83,88,110,63,66,66,59,56,98,0,0,3,3,14,130,1
764,88,83,88,110,63,66,66,59,55,98,0,0,3,3,14,130,1
765,88,82,86,110,62,66,66,60,55,98,0,0,3,3,14,130,1
766,88,82,86,110,62,66,66,60,54,98,0,0,3,3,14,130,1
767,88,82,85,110,60,68,66,62,54,98,0,0,3,3,14,130,1
768,88,82,85,110,60,68,66,62,52,98,0,0,3,3,14,130,1
769,88,82,83,110,59,69,66,64,52,98,0,0,3,3,14,130,1
770,88,82,83,110,59,69,66,64,51,98,0,0,3,3,15,140,1
771,88,82,82,110,57,70,67,66,51,98,0,0,3,3,15,140,1
772,88,82,82,110,57,70,67,66,50,98,0,0,3,3,15,140,1
773,88,82,82,110,56,71,69,68,50,98,0,0,3,3,15,140,1
774,88,82,82,110,56,71,69,68,49,98,0,0,3,3,15,140,1
775,88,82,82,110,54,72,70,70,49,98,0,0,3,3,15,140,1
776,88,82,82,110,54,72,70,70,48,98,0,0,3,3,15,140,1
777,88,82,82,110,53,73,72,72,48,98,0,0,3,3,15,140,1
778,88,82,82,110,53,73,72,72,47,98,0,0,3,3,15,140,1
779,88,82,82,110,51,74,74,74,47,98,0,0,3,3,15,140,1
780,88,82,82,110,51,74,74,74,45,98,0,0,3,3,15,140,1
781,88,82,82,110,50,75,76,75,45,98,0,0,3,3,15,140,1
782,88,82,82,110,50,75,76,75,44,98,0,0,3,3,15,140,1
783,87,82,82,110,50,77,77,77,44,98,0,0,3,3,15,140,1
784,87,82,82,110,50,77,77,77,42,98,0,0,3,3,16,150,1
785,86,82,82,110,50,78,79,79,42,98,0,0,3,3,16,150,1
786,86,82,82,110,50,78,79,79,42,98,0,0,3,3,16,150,1
787,85,82,83,110,50,79,80,81,42,98,0,0,3,3,16,150,1
788,85,82,83,110,50,79,80,81,42,98,0,0,3,3,16,150,1
789,84,82,85,110,50,80,80,83,42,98,0,0,3,3,16,150,1
790,84,82,85,110,50,80,80,83,42,98,0,0,3,3,16,150,1
791,84,82,85,110,50,80,80,83,42,98,0,0,3,3,16,150,1
792,84,82,85,110,50,80,80,83,42,98,0,0,3,3,16,150,1
793,83,83,87,110,50,80,80,85,42,98,0,0,3,3,16,150,1
794,83,83,87,110,50,80,80,85,42,98,0,0,3,3,16,150,1
795,82,84,89,110,50,80,80,87,42,98,0,0,3,3,16,150,1
796,82,84,89,110,50,80,80,87,42,98,0,0,3,3,16,150,1
797,81,85,91,110,50,80,80,88,42,98,0,0,3,3,16,150,1
798,81,85,91,110,50,80,80,88,42,98,0,0,3,3,16,150,1
799,80,87,92,110,50,80,80,90,42,98,0,0,3,3,16,150,1
800,80,87,92,110,50,80,80,90,42,98,0,0,3,3,16,150,1
801,79,88,94,110,50,80,80,92,42,98,0,0,3,3,16,150,1
802,79,88,94,110,50,80,80,92,42,98,0,0,3,3,16,150,1
803,78,89,94,110,50,80,78,94,42,98,0,0,3,3,16,150,1
804,78,89,94,110,50,80,78,94,42,98,0,0,3,3,16,150,1
805,77,90,94,110,50,80,76,96,42,98,0,0,3,3,16,150,1
806,77,90,94,110,50,80,76,96,42,98,0,0,3,3,16,150,1
807,76,91,94,110,50,80,75,98,42,98,0,0,3,3,16,150,1
808,76,91,94,110,50,80,75,98,44,98,0,0,3,1,16,150,1
809,75,92,94,112,50,80,73,98,44,98,0,0,3,1,16,150,1
810,75,92,94,112,50,80,73,98,45,98,0,0,3,1,16,150,1
811,74,93,94,113,50,80,71,98,45,98,0,0,3,1,16,150,1
812,74,93,94,113,50,80,71,98,47,98,0,0,3,1,16,150,1
813,73,94,94,114,50,80,69,98,47,98,0,0,3,1,16,150,1
814,73,94,94,114,50,80,69,98,48,98,0,0,3,1,16,150,1
815,72,94,94,115,50,78,68,98,48,98,0,0,3,1,16,150,1
816,72,94,94,115,50,78,68,98,50,98,0,0,3,1,16,150,1
817,71,94,94,117,50,77,66,98,50,98,0,0,3,1,16,150,1
818,71,94,94,117,50,77,66,98,51,98,0,0,3,1,16,150,1
819,70,94,92,118,50,76,66,98,51,98,0,0,3,1,16,150,1
820,70,94,92,118,50,76,66,98,53,98,0,0,3,1,16,150,1
821,69,94,90,120,50,75,66,98,53,98,0,0,3,1,16,150,1
822,69,94,90,120,50,75,66,98,54,98,0,0,3,1,16,150,1
823,69,94,90,120,50,75,66,98,54,98,0,0,3,1,16,150,1
824,69,94,90,120,50,75,66,98,56,98,0,0,3,1,16,150,1
825,68,94,88,122,50,74,66,98,56,98,0,0,3,1,16,150,1
826,68,94,88,122,50,74,66,98,57,98,0,0,3,1,16,150,1
827,67,94,86,123,50,73,66,98,57,98,0,0,3,1,16,150,1
828,67,94,86,123,50,73,66,98,59,98,0,0,3,1,16,150,1
829,66,94,85,124,50,72,66,98,59,98,0,0,3,1,16,150,1
830,66,94,85,124,50,72,66,98,60,98,0,0,3,1,16,150,1
831,66,94,84,125,52,70,66,98,60,98,0,0,3,1,16,150,1
832,66,94,84,125,52,70,66,98,62,98,0,0,3,1,16,150,1
833,66,94,83,127,53,69,66,98,62,98,0,0,3,1,16,150,1
834,66,94,83,127,53,69,66,98,63,98,0,0,3,1,16,150,1
835,66,94,82,128,55,68,67,98,63,98,0,0,3,1,16,150,1
836,66,94,82,128,55,68,67,98,65,98,0,0,3,1,16,150,1
837,66,94,82,130,56,67,68,98,65,98,0,0,3,1,16,150,1
838,66,94,82,130,56,67,68,98,66,98,0,0,3,1,16,150,1
839,66,94,82,131,58,66,69,98,66,98,0,0,3,1,16,150,1
840,66,94,82,131,58,66,69,98,64,98,0,0,3,3,16,150,1
841,66,93,82,133,59,66,70,98,64,98,0,0,3,3,16,150,1
842,66,93,82,133,59,66,70,98,63,98,0,0,3,3,16,150,1
843,66,92,82,134,61,66,72,98,63,98,0,0,3,3,16,150,1
844,66,92,82,134,61,66,72,98,61,98,0,0,3,3,16,150,1
845,66,91,82,134,62,66,73,99,61,98,0,0,3,3,16,150,1
846,66,91,82,134,62,66,73,99,60,98,0,0,3,3,16,150,1
847,66,89,82,134,64,66,74,101,60,98,0,0,3,3,16,150,1
848,66,89,82,134,64,66,74,101,58,98,0,0,3,3,16,150,1
849,66,88,82,134,65,66,75,103,58,98,0,0,3,3,16,150,1
850,66,88,82,134,65,66,75,103,57,98,0,0,3,3,16,150,1
851,66,87,82,134,67,66,77,105,57,98,0,0,3,3,16,150,1
852,66,87,82,134,67,66,77,105,55,98,0,0,3,3,16,150,1
853,66,85,82,134,68,66,78,107,55,98,0,0,3,3,16,150,1
854,66,85,82,134,68,66,78,107,54,98,0,0,3,3,16,150,1
855,66,85,82,134,68,66,78,107,54,98,0,0,3,3,16,150,1
856,66,85,82,134,68,66,78,107,52,98,0,0,3,3,16,150,1
857,66,83,82,134,69,66,79,109,52,98,0,0,3,3,16,150,1
858,66,83,82,134,69,66,79,109,51,98,0,0,3,3,16,150,1
859,66,82,83,134,71,66,80,111,51,98,0,0,3,3,16,150,1
860,66,82,83,134,71,66,80,111,49,98,0,0,3,3,16,150,1
861,66,82,84,134,72,68,80,112,49,98,0,0,3,3,16,150,1
862,66,82,84,134,72,68,80,112,48,98,0,0,3,3,16,150,1
863,66,82,85,134,74,70,80,114,48,98,0,0,3,3,16,150,1
864,66,82,85,134,74,70,80,114,46,98,0,0,3,3,16,150,1
865,66,82,86,134,75,72,80,116,46,98,0,0,3,3,16,150,1
866,66,82,86,134,75,72,80,116,45,98,0,0,3,3,16,150,1
867,66,82,88,134,77,73,80,118,45,98,0,0,3,3,16,150,1
868,66,82,88,134,77,73,80,118,43,98,0,0,3,3,16,150,1
869,66,82,89,134,78,75,80,120,43,98,0,0,3,3,16,150,1
870,66,82,89,134,78,75,80,120,42,98,0,0,3,3,16,150,1
871,66,82,90,134,80,76,80,122,42,98,0,0,3,3,16,150,1
872,66,82,90,134,80,76,80,122,42,98,0,0,3,3,16,150,1
873,66,82,91,136,81,78,80,122,42,98,0,0,3,3,16,150,1
874,66,82,91,136,81,78,80,122,42,98,0,0,3,3,16,150,1
875,66,82,93,137,83,79,80,122,42,98,0,0,3,3,16,150,1
876,66,82,93,137,83,79,80,122,42,98,0,0,3,3,16,150,1
877,66,83,94,138,84,80,80,122,42,98,0,0,3,3,16,150,1
878,66,83,94,138,84,80,80,122,42,98,0,0,3,3,16,150,1
879,66,85,94,139,86,80,79,122,42,98,0,0,3,3,16,150,1
880,66,85,94,139,86,80,79,122,42,98,0,0,3,3,16,150,1
881,66,87,94,141,87,80,78,122,42,98,0,0,3,3,16,150,1
882,66,87,94,141,87,80,78,122,42,98,0,0,3,3,16,150,1
883,66,88,94,142,89,80,76,122,42,98,0,0,3,3,16,150,1
884,66,88,94,142,89,80,76,122,44,98,0,0,3,1,16,150,1
885,66,90,94,144,90,80,75,122,44,98,0,0,3,1,16,150,1
886,66,90,94,144,90,80,75,122,45,98,0,0,3,1,16,150,1
887,66,90,94,144,90,80,75,122,45,98,0,0,3,1,16,150,1
888,66,90,94,144,90,80,75,122,47,98,0,0,3,1,16,150,1
889,66,92,94,146,91,80,74,122,47,98,0,0,3,1,16,150,1
890,66,92,94,146,91,80,74,122,48,98,0,0,3,1,16,150,1
891,66,93,94,147,93,80,72,122,48,98,0,0,3,1,16,150,1
892,66,93,94,147,93,80,72,122,50,98,0,0,3,1,16,150,1
893,66,94,94,148,94,79,71,122,50,98,0,0,3,1,16,150,1
894,66,94,94,148,94,79,71,122,51,98,0,0,3,1,16,150,1
895,66,94,94,149,96,77,70,122,51,98,0,0,3,1,16,150,1
896,66,94,94,149,96,77,70,122,53,98,0,0,3,1,16,150,1
897,66,94,94,151,97,75,69,122,53,98,0,0,3,1,16,150,1
898,66,94,94,151,97,75,69,122,54,98,0,0,3,1,16,150,1
899,65,94,94,152,98,74,67,122,54,98,0,0,3,1,16,150,1
900,65,94,94,152,98,74,67,122,56,98,0,0,3,1,16,150,1
901,64,94,94,154,98,72,66,122,56,98,0,0,3,1,16,150,1
902,64,94,94,154,98,72,66,122,57,98,0,0,3,1,16,150,1
903,63,94,93,155,98,71,66,122,57,98,0,0,3,1,16,150,1
904,63,94,93,155,98,71,66,122,59,98,0,0,3,1,16,150,1
905,63,94,93,155,98,71,66,122,59,98,0,0,3,1,16,150,1
906,63,94,93,155,98,71,66,122,59,98,0,0,3,1,16,150,1
907,63,94,93,155,98,71,66,122,59,98,0,0,3,1,16,150,1
908,63,94,93,155,98,71,66,122,59,98,0,0,3,1,16,150,1
909,63,94,93,155,98,71,66,122,59,98,0,0,3,1,16,150,1
910,63,94,93,155,98,71,66,122,59,98,0,0,3,1,16,150,1
911,63,94,93,155,98,71,66,122,59,98,0,0,3,1,16,150,1
912,63,94,93,155,98,71,66,122,59,98,0,0,3,1,16,150,1
913,63,94,93,155,98,71,66,122,59,98,0,0,3,1,16,150,1
914,63,94,93,155,98,71,66,122,59,98,0,0,3,1,16,150,1
915,63,94,93,155,98,71,66,122,59,98,0,0,3,1,16,150,1
916,63,94,93,155,98,71,66,122,59,98,0,0,3,1,16,150,1
917,63,94,93,155,98,71,66,122,59,98,0,0,3,1,16,150,1
918,63,94,93,155,98,71,66,122,59,98,0,0,3,1,16,150,1
919,63,94,93,155,98,71,66,122,59,98,0,0,3,1,16,150,1
920,63,94,93,155,98,71,66,122,59,98,0,0,3,1,16,150,1
921,63,94,93,155,98,71,66,122,59,98,0,0,3,1,16,150,1
922,63,94,93,155,98,71,66,122,59,98,0,0,3,1,16,150,1
923,63,94,93,155,98,71,66,122,59,98,0,0,3,1,16,150,1
924,63,94,93,155,98,71,66,122,59,98,0,0,3,1,16,150,1
925,63,94,93,155,98,71,66,122,59,98,0,0,3,1,16,150,1
926,63,94,93,155,98,71,66,122,59,98,0,0,3,1,16,150,1
927,63,94,93,155,98,71,66,122,59,98,0,0,3,1,16,150,1
928,63,94,93,155,98,71,66,122,59,98,0,0,3,1,16,150,1
929,63,94,93,155,98,71,66,122,59,98,0,0,3,1,16,150,1
930,63,94,93,155,98,71,66,122,59,98,0,0,3,1,16,150,1
931,63,94,93,155,98,71,66,122,59,98,0,0,3,1,16,150,1
932,63,94,93,155,98,71,66,122,59,98,0,0,3,1,16,150,1
933,63,94,93,155,98,71,66,122,59,98,0,0,3,1,16,150,1
934,63,94,93,155,98,71,66,122,59,98,0,0,3,1,16,150,1
935,63,94,93,155,98,71,66,122,59,98,0,0,3,1,16,150,1
936,63,94,93,155,98,71,66,122,59,98,0,0,3,1,16,150,1
937,63,94,93,155,98,71,66,122,59,98,0,0,3,1,16,150,1
938,63,94,93,155,98,71,66,122,59,98,0,0,3,1,16,150,1
939,63,94,93,155,98,71,66,122,59,98,0,0,3,1,16,150,1
940,63,94,93,155,98,71,66,122,59,98,0,0,3,1,16,150,1
941,63,94,93,155,98,71,66,122,59,98,0,0,3,1,16,150,1
942,63,94,93,155,98,71,66,122,59,98,0,0,3,1,16,150,1
943,63,94,93,155,98,71,66,122,59,98,0,0,3,1,16,150,1
944,63,94,93,155,98,71,66,122,59,98,0,0,3,3,16,150,1
945,63,94,93,155,98,71,66,122,59,98,0,0,3,3,16,150,1
946,63,94,93,155,98,71,66,122,59,98,0,0,3,3,16,150,1
947,63,94,93,155,98,71,66,122,59,98,0,0,3,3,16,150,1
948,63,94,93,155,98,71,66,122,59,98,0,0,3,3,16,150,1
949,63,94,93,155,98,71,66,122,59,98,0,0,3,3,16,150,1
950,63,94,93,155,98,71,66,122,59,98,0,0,3,3,16,150,1
951,63,94,93,155,98,71,66,122,59,98,0,0,3,3,16,150,1
952,63,94,93,155,98,71,66,122,59,98,0,0,3,0,16,150,1
953,63,94,93,155,98,71,66,122,59,98,0,0,3,0,16,150,1
954,63,94,93,155,98,71,66,122,59,98,0,0,3,0,16,150,1
955,63,94,93,155,98,71,66,122,59,98,0,0,3,0,16,150,1
956,63,94,93,155,98,71,66,122,59,98,0,0,3,0,16,150,1
957,63,94,93,155,98,71,66,122,59,98,0,0,3,0,16,150,1
958,63,94,93,155,98,71,66,122,59,98,0,0,3,0,16,150,1
959,63,94,93,155,98,71,66,122,59,98,0,0,3,0,16,150,1
960,63,94,93,155,98,71,66,122,59,98,0,0,3,1,16,150,1
961,63,94,93,155,98,71,66,122,59,98,0,0,3,1,16,150,1
962,63,94,93,155,98,71,66,122,59,98,0,0,3,1,16,150,1
963,63,94,93,155,98,71,66,122,59,98,0,0,3,1,16,150,1
964,63,94,93,155,98,71,66,122,59,98,0,0,3,1,16,150,1
965,63,94,93,155,98,71,66,122,59,98,0,0,3,1,16,150,1
966,63,94,93,155,98,71,66,122,59,98,0,0,3,1,16,150,1
967,63,94,93,155,98,71,66,122,59,98,0,0,3,1,16,150,1
968,63,94,93,155,98,71,66,122,59,98,0,0,3,2,16,150,1
969,63,94,93,155,98,71,66,122,59,98,0,0,3,2,16,150,1
970,63,94,93,155,98,71,66,122,59,98,0,0,3,2,16,150,1
971,63,94,93,155,98,71,66,122,59,98,0,0,3,2,16,150,1
972,63,94,93,155,98,71,66,122,59,98,0,0,3,2,16,150,1
973,63,94,93,155,98,71,66,122,59,98,0,0,3,2,16,150,1
974,63,94,93,155,98,71,66,122,59,98,0,0,3,2,16,150,1
975,63,94,93,155,98,71,66,122,59,98,0,0,3,2,16,150,1
976,63,94,93,155,98,71,66,122,59,98,0,0,3,3,16,150,1
977,63,94,93,155,98,71,66,122,59,98,0,0,3,3,16,150,1
978,63,94,93,155,98,71,66,122,59,98,0,0,3,3,16,150,1
979,63,94,93,155,98,71,66,122,59,98,0,0,3,3,16,150,1
980,63,94,93,155,98,71,66,122,59,98,0,0,3,3,16,150,1
981,63,94,93,155,98,71,66,122,59,98,0,0,3,3,16,150,1
982,63,94,93,155,98,71,66,122,59,98,0,0,3,3,16,150,1
983,63,94,93,155,98,71,66,122,59,98,0,0,3,3,16,150,1
984,63,94,93,155,98,71,66,122,59,98,0,0,3,0,16,150,1
985,88,88,88,88,80,80,80,50,88,98,0,0,3,3,16,150,0
986,88,88,88,88,80,80,80,50,88,98,0,0,3,3,16,150,0
987,88,88,88,88,80,80,80,50,88,98,0,0,3,3,16,150,0
988,88,88,88,88,80,80,80,50,88,98,0,0,3,3,16,150,0
989,88,88,88,88,80,80,80,50,88,98,0,0,3,3,16,150,0
990,88,88,88,88,80,80,80,50,88,98,0,0,3,3,16,150,0
991,88,88,88,88,80,80,80,50,88,98,0,0,3,3,16,150,0
992,88,88,88,88,80,80,80,50,88,98,0,0,3,3,16,150,0
993,88,88,88,88,80,80,80,50,88,98,0,0,3,3,16,150,0
994,88,88,88,88,80,80,80,50,88,98,0,0,3,3,16,150,0
995,88,88,88,88,80,80,80,50,88,98,0,0,3,3,16,150,0
996,88,88,88,88,80,80,80,50,88,98,0,0,3,3,16,150,0
997,88,88,88,88,80,80,80,50,88,98,0,0,3,3,16,150,0
998,88,88,88,88,80,80,80,50,88,98,0,0,3,3,16,150,0
999,88,88,88,88,80,80,80,50,88,98,0,0,3,3,16,150,0
1000,88,88,88,88,80,80,80,50,88,98,0,0,3,3,16,150,0
1001,88,88,88,88,80,80,80,50,88,98,0,0,3,3,16,150,0
1002,88,88,88,88,80,80,80,50,88,98,0,0,3,3,16,150,0
1003,88,88,88,88,80,80,80,50,88,98,0,0,3,3,16,150,0
1004,88,88,88,88,80,80,80,50,88,98,0,0,3,3,16,150,0
1005,88,88,88,88,80,80,80,50,88,98,0,0,3,3,16,150,0
1006,88,88,88,88,80,80,80,50,88,98,0,0,3,3,16,150,0
1007,88,88,88,88,80,80,80,50,88,98,0,0,3,3,16,150,0
1008,88,88,88,88,80,80,80,50,88,98,0,0,3,3,16,150,0
1009,88,88,88,88,80,80,80,50,88,98,0,0,3,3,16,150,0
1010,88,88,88,88,80,80,80,50,88,98,0,0,3,3,16,150,0
1011,88,88,88,88,80,80,80,50,88,98,0,0,3,3,16,150,0
1012,88,88,88,88,80,80,80,50,88,98,0,0,3,3,16,150,0
1013,88,88,88,88,80,80,80,50,88,98,0,0,3,3,16,150,0
1014,88,88,88,88,80,80,80,50,88,98,0,0,3,3,16,150,0
1015,88,88,88,88,80,80,80,50,88,98,0,0,3,3,16,150,0
1016,88,88,88,88,80,80,80,50,88,98,0,0,3,3,16,150,0
1017,88,88,88,88,80,80,80,50,88,98,0,0,3,3,16,150,0
1018,88,88,88,88,80,80,80,50,88,98,0,0,3,3,16,150,0
1019,88,88,88,88,80,80,80,50,88,98,0,0,3,3,16,150,0
1020,88,88,88,88,80,80,80,50,88,98,0,0,3,3,16,150,0
1021,88,88,88,88,80,80,80,50,88,98,0,0,3,3,16,150,0
1022,88,88,88,88,80,80,80,50,88,98,0,0,3,3,16,150,0
1023,88,88,88,88,80,80,80,50,88,98,0,0,3,3,16,150,0
1024,88,88,88,88,80,80,80,50,88,98,0,0,3,3,16,150,0
1025,88,88,88,88,80,80,80,50,88,98,0,0,3,3,16,150,0
1026,88,88,88,88,80,80,80,50,88,98,0,0,3,3,16,150,0
1027,88,88,88,88,80,80,80,50,88,98,0,0,3,3,16,150,0
1028,88,88,88,88,80,80,80,50,88,98,0,0,3,3,16,150,0
1029,88,88,88,88,80,80,80,50,88,98,0,0,3,3,16,150,0
1030,88,88,88,88,80,80,80,50,88,98,0,0,3,3,16,150,0
1031,88,88,88,88,80,80,80,50,88,98,0,0,3,3,16,150,0
1032,88,88,88,88,80,80,80,50,88,98,0,0,3,3,16,150,0
1033,88,88,88,88,80,80,80,50,88,98,0,0,3,3,16,150,0
1034,88,88,88,88,80,80,80,50,88,98,0,0,3,3,16,150,0
1035,88,88,88,88,80,80,80,50,88,98,0,0,3,3,16,150,0
1036,88,88,88,88,80,80,80,50,88,98,0,0,3,3,16,150,0
1037,88,88,88,88,80,80,80,50,88,98,0,0,3,3,16,150,0
1038,88,88,88,88,80,80,80,50,88,98,0,0,3,3,16,150,0
1039,88,88,88,88,80,80,80,50,88,98,0,0,3,3,16,150,0
1040,88,88,88,88,80,80,80,50,88,98,0,0,3,3,16,150,0
1041,88,88,88,88,80,80,80,50,88,98,0,0,3,3,16,150,0
1042,88,88,88,88,80,80,80,50,88,98,0,0,3,3,16,150,0
1043,88,88,88,88,80,80,80,50,88,98,0,0,3,3,16,150,0
1044,88,88,88,88,80,80,80,50,88,98,0,0,3,3,16,150,0
1045,88,88,88,88,80,80,80,50,88,98,0,0,3,3,16,150,0
1046,88,88,88,88,80,80,80,50,88,98,0,0,3,3,16,150,0
1047,88,88,88,88,80,80,80,50,88,98,0,0,3,3,16,150,0
1048,88,88,88,88,80,80,80,50,88,98,0,0,3,3,16,150,0
1049,88,88,88,88,80,80,80,50,88,98,0,0,3,3,16,150,0
1050,88,88,88,88,80,80,80,50,88,98,0,0,3,3,16,150,0
1051,88,88,88,88,80,80,80,50,88,98,0,0,3,3,16,150,0
1052,88,88,88,88,80,80,80,50,88,98,0,0,3,3,16,150,0
1053,88,88,88,88,80,80,80,50,88,98,0,0,3,3,16,150,0
1054,88,88,88,88,80,80,80,50,88,98,0,0,3,3,16,150,0
1055,88,88,88,88,80,80,80,50,88,98,0,0,3,3,16,150,0
1056,88,88,88,88,80,80,80,50,88,98,0,0,3,3,16,150,0
1057,88,88,88,88,80,80,80,50,88,98,0,0,3,3,16,150,0
1058,88,88,88,88,80,80,80,50,88,98,0,0,3,3,16,150,0
1059,88,88,88,88,80,80,80,50,88,98,0,0,3,3,16,150,0
1060,88,88,88,88,80,80,80,50,88,98,0,0,3,3,16,150,0
1061,88,88,88,88,80,80,80,50,88,98,0,0,3,3,16,150,0
1062,88,88,88,88,80,80,80,50,88,98,0,0,3,3,16,150,0
1063,88,88,88,88,80,80,80,50,88,98,0,0,3,3,16,150,0
1064,88,88,88,88,80,80,80,50,88,98,0,0,3,3,16,150,0
1065,88,88,88,88,80,80,80,50,88,98,0,0,3,3,16,150,0
1066,88,88,88,88,80,80,80,50,88,98,0,0,3,3,16,150,0
1067,88,88,88,88,80,80,80,50,88,98,0,0,3,3,16,150,0
1068,88,88,88,88,80,80,80,50,88,98,0,0,3,3,16,150,0
1069,88,88,88,88,80,80,80,50,88,98,0,0,3,3,16,150,0
1070,88,88,88,88,80,80,80,50,88,98,0,0,3,3,16,150,0
1071,88,88,88,88,80,80,80,50,88,98,0,0,3,3,16,150,0
1072,88,88,88,88,80,80,80,50,88,98,0,0,3,3,16,150,0
1073,88,88,88,88,80,80,80,50,88,98,0,0,3,3,16,150,0
1074,88,88,88,88,80,80,80,50,88,98,0,0,3,3,16,150,0
1075,88,88,88,88,80,80,80,50,88,98,0,0,3,3,16,150,0
1076,88,88,88,88,80,80,80,50,88,98,0,0,3,3,16,150,0
1077,88,88,88,88,80,80,80,50,88,98,0,0,3,3,16,150,0
1078,88,88,88,88,80,80,80,50,88,98,0,0,3,3,16,150,0
1079,88,88,88,88,80,80,80,50,88,98,0,0,3,3,16,150,0
1080,88,88,88,88,80,80,80,50,88,98,0,0,3,3,16,150,0
1081,88,88,88,88,80,80,80,50,88,98,0,0,3,3,16,150,0
1082,88,88,88,88,80,80,80,50,88,98,0,0,3,3,16,150,0
1083,88,88,88,88,80,80,80,50,88,98,0,0,3,3,16,150,0
1084,88,88,88,88,80,80,80,50,88,98,0,0,3,3,16,150,0
1085,88,88,88,88,80,80,80,50,88,98,0,0,3,3,16,150,0
1086,88,88,88,88,80,80,80,50,88,98,0,0,3,3,16,150,0
1087,88,88,88,88,80,80,80,50,88,98,0,0,3,3,16,150,0
1088,88,88,88,88,80,80,80,50,88,98,0,0,3,3,16,150,0
1089,88,88,88,88,80,80,80,50,88,98,0,0,3,3,16,150,0
1090,88,88,88,88,80,80,80,50,88,98,0,0,3,3,16,150,0
1091,88,88,88,88,80,80,80,50,88,98,0,0,3,3,16,150,0
1092,88,88,88,88,80,80,80,50,88,98,0,0,3,3,16,150,0
1093,88,88,88,88,80,80,80,50,88,98,0,0,3,3,16,150,0
1094,88,88,88,88,80,80,80,50,88,98,0,0,3,3,16,150,0
1095,88,88,88,88,80,80,80,50,88,98,0,0,3,3,16,150,0
1096,88,88,88,88,80,80,80,50,88,98,0,0,3,3,16,150,0
1097,88,88,88,88,80,80,80,50,88,98,0,0,3,3,16,150,0
1098,88,88,88,88,80,80,80,50,88,98,0,0,3,3,16,150,0
1099,88,88,88,88,80,80,80,50,88,98,0,0,3,3,16,150,0
1100,88,88,88,88,80,80,80,50,88,98,0,0,3,3,16,150,0
1101,88,88,88,88,80,80,80,50,88,98,0,0,3,3,16,150,0
1102,88,88,88,88,80,80,80,50,88,98,0,0,3,3,16,150,0
1103,88,88,88,88,80,80,80,50,88,98,0,0,3,3,16,150,0
1104,88,88,88,88,80,80,80,50,90,98,0,0,3,1,16,150,0
1105,89,90,89,90,80,80,80,50,90,98,0,0,3,1,16,150,0
1106,89,90,89,90,80,80,80,50,91,98,0,0,3,1,16,150,0
1107,91,91,91,91,80,80,80,50,91,98,0,0,3,1,16,150,0
1108,91,91,91,91,80,80,80,50,93,98,0,0,3,1,17,160,0
1109,92,93,92,93,80,80,80,50,93,98,0,0,3,1,17,160,0
1110,92,93,92,93,80,80,80,50,94,98,0,0,3,1,17,160,0
1111,92,93,92,93,80,80,80,50,94,98,0,0,3,1,17,160,0
1112,92,93,92,93,80,80,80,50,95,98,0,0,3,1,17,160,0
1113,93,94,93,95,80,79,80,50,95,98,0,0,3,1,17,160,0
1114,93,94,93,95,80,79,80,50,96,98,0,0,3,1,17,160,0
1115,94,94,94,96,79,78,79,50,96,98,0,0,3,1,17,160,0
1116,94,94,94,96,79,78,79,50,97,98,0,0,3,1,17,160,0
1117,94,94,94,97,78,76,78,50,97,98,0,0,3,1,17,160,0
1118,94,94,94,97,78,76,78,50,98,98,0,0,3,1,17,160,0
1119,94,94,94,98,76,74,77,50,98,98,0,0,3,1,17,160,0
1120,94,94,94,98,76,74,77,50,100,98,0,0,3,1,18,170,0
1121,94,94,94,100,75,72,76,50,100,98,0,0,3,1,18,170,0
1122,94,94,94,100,75,72,76,50,101,98,0,0,3,1,18,170,0
1123,94,94,94,101,73,71,74,50,101,98,0,0,3,1,18,170,0
1124,94,94,94,101,73,71,74,50,102,98,0,0,3,1,18,170,0
1125,94,94,94,103,72,69,73,50,102,98,0,0,3,1,18,170,0
1126,94,94,94,103,72,69,73,50,103,98,0,0,3,1,18,170,0
1127,94,94,94,104,70,68,72,50,103,98,0,0,3,1,18,170,0
1128,94,94,94,104,70,68,72,50,104,98,0,0,3,1,18,170,0
1129,94,94,94,106,69,66,71,50,104,98,0,0,3,1,18,170,0
1130,94,94,94,106,69,66,71,50,105,98,0,0,3,1,18,170,0
1131,94,93,94,107,67,66,69,50,105,98,0,0,3,1,18,170,0
1132,94,93,94,107,67,66,69,50,107,98,0,0,3,1,18,170,0
1133,94,91,94,108,66,66,68,50,107,98,0,0,3,1,18,170,0
1134,94,91,94,108,66,66,68,50,108,98,0,0,3,1,19,180,0
1135,92,89,94,109,66,66,67,50,108,98,0,0,3,1,19,180,0
1136,92,89,94,109,66,66,67,50,109,98,0,0,3,1,19,180,0
1137,91,87,94,110,66,66,66,51,109,98,0,0,3,1,19,180,0
1138,91,87,94,110,66,66,66,51,110,98,0,0,3,1,19,180,0
1139,89,86,92,110,66,66,66,53,110,98,0,0,3,1,19,180,0
1140,89,86,92,110,66,66,66,53,111,98,0,0,3,1,19,180,0
1141,88,85,91,110,66,66,66,55,111,98,0,0,3,1,19,180,0
1142,88,85,91,110,66,66,66,55,112,98,0,0,3,1,19,180,0
1143,88,85,91,110,66,66,66,55,112,98,0,0,3,1,19,180,0
1144,88,85,91,110,66,66,66,55,114,98,0,0,3,1,19,180,0
1145,88,84,90,110,65,66,66,57,114,98,0,0,3,1,19,180,0
1146,88,84,90,110,65,66,66,57,115,98,0,0,3,1,19,180,0
1147,88,83,88,110,63,66,66,59,115,98,0,0,3,1,19,180,0
1148,88,83,88,110,63,66,66,59,117,98,0,0,3,1,20,180,0
1149,88,82,86,110,62,66,66,60,117,98,0,0,3,1,20,180,0
1150,88,82,86,110,62,66,66,60,118,98,0,0,3,1,20,180,0
1151,88,82,85,110,60,68,66,62,118,98,0,0,3,1,20,180,0
1152,88,82,85,110,60,68,66,62,119,98,0,0,3,1,20,180,0
1153,88,82,83,110,59,69,66,64,119,98,0,0,3,1,20,180,0
1154,88,82,83,110,59,69,66,64,120,98,0,0,3,1,20,180,0
1155,88,82,82,110,57,70,67,66,120,98,0,0,3,1,20,180,0
1156,88,82,82,110,57,70,67,66,121,98,0,0,3,1,20,180,0
1157,88,82,82,110,56,71,69,68,121,98,0,0,3,1,20,180,0
1158,88,82,82,110,56,71,69,68,122,98,0,0,3,1,20,180,0
1159,88,82,82,110,54,72,70,70,122,98,0,0,3,1,20,180,0
1160,88,82,82,110,54,72,70,70,124,98,0,0,3,1,21,190,0
1161,88,82,82,110,53,73,72,72,124,98,0,0,3,1,21,190,0
1162,88,82,82,110,53,73,72,72,125,98,0,0,3,1,21,190,0
1163,88,82,82,110,51,74,74,74,125,98,0,0,3,1,21,190,0
1164,88,82,82,110,51,74,74,74,126,98,0,0,3,1,21,190,0
1165,88,82,82,110,50,75,76,75,126,98,0,0,3,1,21,190,0
1166,88,82,82,110,50,75,76,75,127,98,0,0,3,1,21,190,0
1167,87,82,82,110,50,77,77,77,127,98,0,0,3,1,21,190,0
1168,87,82,82,110,50,77,77,77,126,98,0,0,3,3,21,190,0
1169,86,82,82,110,50,78,79,79,126,98,0,0,3,3,21,190,0
1170,86,82,82,110,50,78,79,79,125,98,0,0,3,3,21,190,0
1171,85,82,83,110,50,79,80,81,125,98,0,0,3,3,21,190,0
1172,85,82,83,110,50,79,80,81,123,98,0,0,3,3,21,190,0
1173,84,82,85,110,50,80,80,83,123,98,0,0,3,3,21,190,0
1174,84,82,85,110,50,80,80,83,122,98,0,0,3,3,21,190,0
1175,84,82,85,110,50,80,80,83,122,98,0,0,3,3,21,190,0
1176,84,82,85,110,50,80,80,83,120,98,0,0,3,3,21,190,0
1177,83,83,87,110,50,80,80,85,120,98,0,0,3,3,21,190,0
1178,83,83,87,110,50,80,80,85,119,98,0,0,3,3,21,190,0
1179,82,84,89,110,50,80,80,87,119,98,0,0,3,3,21,190,0
1180,82,84,89,110,50,80,80,87,117,98,0,0,3,3,21,190,0
1181,81,85,91,110,50,80,80,88,117,98,0,0,3,3,21,190,0
1182,81,85,91,110,50,80,80,88,116,98,0,0,3,3,21,190,0
1183,80,87,92,110,50,80,80,90,116,98,0,0,3,3,21,190,0
1184,80,87,92,110,50,80,80,90,114,98,0,0,3,3,21,190,0
1185,79,88,94,110,50,80,80,92,114,98,0,0,3,3,21,190,0
1186,79,88,94,110,50,80,80,92,113,98,0,0,3,3,21,190,0
1187,78,89,94,110,50,80,78,94,113,98,0,0,3,3,21,190,0
1188,78,89,94,110,50,80,78,94,111,98,0,0,3,3,21,190,0
1189,77,90,94,110,50,80,76,96,111,98,0,0,3,3,21,190,0
1190,77,90,94,110,50,80,76,96,110,98,0,0,3,3,21,190,0
1191,77,90,94,110,50,80,76,96,110,98,0,0,3,3,21,190,0
1192,77,90,94,110,50,80,76,96,110,98,0,0,3,3,21,190,0
1193,77,90,94,110,50,80,76,96,110,98,0,0,3,3,21,190,0
1194,77,90,94,110,50,80,76,96,110,98,0,0,3,3,21,190,0
1195,77,90,94,110,50,80,76,96,110,98,0,0,3,3,21,190,0
1196,77,90,94,110,50,80,76,96,110,98,0,0,3,3,21,190,0
1197,77,90,94,110,50,80,76,96,110,98,0,0,3,3,21,190,0
1198,77,90,94,110,50,80,76,96,110,98,0,0,3,3,21,190,0
1199,77,90,94,110,50,80,76,96,110,98,0,0,3,3,21,190,0
1200,77,90,94,110,50,80,76,96,110,98,0,0,3,3,21,190,0
1201,77,90,94,110,50,80,76,96,110,98,0,0,3,3,21,190,0
1202,77,90,94,110,50,80,76,96,110,98,0,0,3,3,21,190,0
1203,77,90,94,110,50,80,76,96,110,98,0,0,3,3,21,190,0
1204,77,90,94,110,50,80,76,96,110,98,0,0,3,3,21,190,0
1205,77,90,94,110,50,80,76,96,110,98,0,0,3,3,21,190,0
1206,77,90,94,110,50,80,76,96,110,98,0,0,3,3,21,190,0
1207,77,90,94,110,50,80,76,96,110,98,0,0,3,3,21,190,0
1208,77,90,94,110,50,80,76,96,110,98,0,0,3,3,21,190,0
1209,77,90,94,110,50,80,76,96,110,98,0,0,3,3,21,190,0
1210,77,90,94,110,50,80,76,96,110,98,0,0,3,3,21,190,0
1211,77,90,94,110,50,80,76,96,110,98,0,0,3,3,21,190,0
1212,77,90,94,110,50,80,76,96,110,98,0,0,3,3,21,190,0
1213,77,90,94,110,50,80,76,96,110,98,0,0,3,3,21,190,0
1214,77,90,94,110,50,80,76,96,110,98,0,0,3,3,21,190,0
1215,77,90,94,110,50,80,76,96,110,98,0,0,3,3,21,190,0
1216,77,90,94,110,50,80,76,96,110,98,0,0,3,3,21,190,0
1217,77,90,94,110,50,80,76,96,110,98,0,0,3,3,21,190,0
1218,77,90,94,110,50,80,76,96,110,98,0,0,3,3,21,190,0
1219,77,90,94,110,50,80,76,96,110,98,0,0,3,3,21,190,0
1220,77,90,94,110,50,80,76,96,110,98,0,0,3,3,21,190,0
1221,77,90,94,110,50,80,76,96,110,98,0,0,3,3,21,190,0
1222,77,90,94,110,50,80,76,96,110,98,0,0,3,3,21,190,0
1223,77,90,94,110,50,80,76,96,110,98,0,0,3,3,21,190,0
1224,77,90,94,110,50,80,76,96,110,98,0,0,3,2,21,190,0
1225,77,90,94,110,50,80,76,96,110,98,0,0,3,2,21,190,0
1226,77,90,94,110,50,80,76,96,110,98,0,0,3,2,21,190,0
1227,77,90,94,110,50,80,76,96,110,98,0,0,3,2,21,190,0
1228,77,90,94,110,50,80,76,96,110,98,0,0,3,2,21,190,0
1229,77,90,94,110,50,80,76,96,110,98,0,0,3,2,21,190,0
1230,77,90,94,110,50,80,76,96,110,98,0,0,3,2,21,190,0
1231,77,90,94,110,50,80,76,96,110,98,0,0,3,2,21,190,0
1232,77,90,94,110,50,80,76,96,110,98,0,0,3,3,21,190,0
1233,77,90,94,110,50,80,76,96,110,98,0,0,3,3,21,190,0
1234,77,90,94,110,50,80,76,96,110,98,0,0,3,3,21,190,0
1235,77,90,94,110,50,80,76,96,110,98,0,0,3,3,21,190,0
1236,77,90,94,110,50,80,76,96,110,98,0,0,3,3,21,190,0
1237,77,90,94,110,50,80,76,96,110,98,0,0,3,3,21,190,0
1238,77,90,94,110,50,80,76,96,110,98,0,0,3,3,21,190,0
1239,77,90,94,110,50,80,76,96,110,98,0,0,3,3,21,190,0
1240,77,90,94,110,50,80,76,96,110,98,0,0,3,0,21,190,0
1241,77,90,94,110,50,80,76,96,110,98,0,0,3,0,21,190,0
1242,77,90,94,110,50,80,76,96,110,98,0,0,3,0,21,190,0
1243,77,90,94,110,50,80,76,96,110,98,0,0,3,0,21,190,0
1244,77,90,94,110,50,80,76,96,110,98,0,0,3,0,21,190,0
1245,77,90,94,110,50,80,76,96,110,98,0,0,3,0,21,190,0
1246,77,90,94,110,50,80,76,96,110,98,0,0,3,0,21,190,0
1247,77,90,94,110,50,80,76,96,110,98,0,0,3,0,21,190,0
1248,77,90,94,110,50,80,76,96,110,98,0,0,3,1,21,190,0
1249,77,90,94,110,50,80,76,96,110,98,0,0,3,1,21,190,0
1250,77,90,94,110,50,80,76,96,110,98,0,0,3,1,21,190,0
1251,77,90,94,110,50,80,76,96,110,98,0,0,3,1,21,190,0
1252,77,90,94,110,50,80,76,96,110,98,0,0,3,1,21,190,0
1253,77,90,94,110,50,80,76,96,110,98,0,0,3,1,21,190,0
1254,77,90,94,110,50,80,76,96,110,98,0,0,3,1,21,190,0
1255,77,90,94,110,50,80,76,96,110,98,0,0,3,1,21,190,0
1256,77,90,94,110,50,80,76,96,110,98,0,0,3,2,21,190,0
1257,77,90,94,110,50,80,76,96,110,98,0,0,3,2,21,190,0
1258,77,90,94,110,50,80,76,96,110,98,0,0,3,2,21,190,0
1259,77,90,94,110,50,80,76,96,110,98,0,0,3,2,21,190,0
1260,77,90,94,110,50,80,76,96,110,98,0,0,3,2,21,190,0
1261,77,90,94,110,50,80,76,96,110,98,0,0,3,2,21,190,0
1262,77,90,94,110,50,80,76,96,110,98,0,0,3,2,21,190,0
1263,77,90,94,110,50,80,76,96,110,98,0,0,3,2,21,190,0
1264,77,90,94,110,50,80,76,96,110,98,0,0,3,3,21,190,0
